GEOID,rank_det,rank_bayes,rank_delta,jobs_C000_45min,posterior_mean_jobs,disadvantage_z,exceedance_prob_45min,ci_width_log1p
06073006200,226.0,239.0,13.0,16655.0,15939.97504179155,-0.5236682336308077,0.0050625,0.4366357162775021
06073009902,530.0,538.0,8.0,4659.0,4531.351847036827,0.0,0.37075,0.38417504503163435
06073020026,178.0,185.0,7.0,19783.0,19571.055505783075,-0.5059204007214118,0.0,0.3478368522419597
06073010015,311.0,318.0,7.0,12800.0,12599.733628867716,-0.4354881846691845,0.0,0.35616367912896507
06073010300,538.0,532.0,-6.0,4545.0,4593.732783225757,0.9285440407741652,0.3590625,0.3485092133560368
06073012401,205.0,210.0,5.0,17760.0,17662.737304112376,0.183100792657309,0.0,0.3445071670881976
06073018522,322.0,327.0,5.0,12456.0,12322.201737382748,-0.4218228219951145,0.00121875,0.3475902183899624
06073017071,150.0,155.0,5.0,22003.0,21717.644437241906,-1.1234208374118788,0.0,0.3535477312854205
06073002708,122.0,117.0,-5.0,25500.0,25608.209486851047,1.9692672232359216,0.0,0.3378438858741948
06073020213,155.0,151.0,-4.0,21812.0,21869.215647743422,1.6031837121691843,0.0,0.3399391651671504
06073015706,235.0,231.0,-4.0,16280.0,16393.240223617093,2.0441625413794973,0.0,0.3420942006688108
06073002707,209.0,205.0,-4.0,17681.0,17795.793859691978,2.0421601286478626,0.0,0.3458704399732593
06073002202,212.0,208.0,-4.0,17593.0,17746.154394303456,2.097811781123848,0.0,0.3409686029387231
06073011700,129.0,125.0,-4.0,24350.0,24343.565826386777,1.1786312910930334,0.0,0.3503151384114158
06073008374,568.0,572.0,4.0,3781.0,3781.406781416383,-1.6007816892368416,0.97171875,0.34905738577812073
06073017049,126.0,130.0,4.0,24375.0,23962.126213901895,0.1094565783484378,0.0,0.3563304527220783
06073020207,288.0,284.0,-4.0,13881.0,13966.45672012365,1.4863848751941362,0.0,0.3616910381805347
06073022101,74.0,78.0,4.0,33681.0,32844.419753842274,-0.7972899879189118,0.0,0.3818636053050035
06073011100,484.5,481.0,-3.5,5815.0,5855.2083553257635,-0.0556132765123359,0.004875,0.3494846037678343
06073020308,324.5,321.0,-3.5,12420.0,12484.4434736121,1.3428595693013794,0.0,0.3443315751701803
06073008303,426.5,430.0,3.5,7956.0,7903.563431803421,-1.0410175036061953,0.00034375,0.34513542362616434
06073013312,465.5,462.0,-3.5,6440.0,6482.067919729268,0.4408384422328084,0.00128125,0.34590997316604977
06073013608,576.0,573.0,-3.0,3683.0,3730.390858427782,1.301076935118725,0.9735625,0.34506232355375843
06073011802,227.0,224.0,-3.0,16627.0,16638.369768301716,0.7701920656149083,0.0,0.3407393164579968
06073002402,248.0,245.0,-3.0,15513.0,15606.295008890269,1.4255924028780942,0.0,0.3445018810608236
06073002302,245.0,242.0,-3.0,15700.0,15856.600979100462,2.0629166979451314,0.0,0.344503287233362
06073002301,302.0,299.0,-3.0,13030.0,13088.235476218235,0.6990785390108668,0.0,0.3376860911882762
06073010012,435.0,432.0,-3.0,7794.0,7862.267791281713,0.5488821703308058,0.00021875,0.3461389877800425
06073016404,336.0,333.0,-3.0,11950.0,12011.38742114158,1.7826186882910848,0.0,0.3476253088777277
06073017813,333.0,336.0,3.0,12002.0,11906.204687465697,-0.172031602745962,0.0,0.35332907508338707
06073019903,300.0,303.0,3.0,13075.0,12947.47327030148,-0.278144985919744,0.00021875,0.344616736267195
06073008003,316.0,313.0,-3.0,12721.0,12710.372968966954,-0.4069401887661851,0.0,0.33853038841092165
06073008202,398.0,395.0,-3.0,8893.0,8998.226559975703,2.434332382523154,3.125e-05,0.356783104886917
06073008313,70.0,73.0,3.0,34147.0,33571.731692912756,-1.0615035696949884,0.0,0.35875835329632366
06073008339,48.0,51.0,3.0,43372.0,42472.85537857949,1.6423261133730538,6.25e-05,0.3688864578621551
06073005601,20.0,17.0,-3.0,79156.0,79910.9358294126,4.320491586180137,0.0,0.35031948880268615
06073005602,9.0,12.0,3.0,85916.0,83610.77590504466,0.3171944362750259,0.0,0.38150119917779257
06073003502,238.0,235.0,-3.0,16170.0,16207.442183204634,1.4342206096128345,0.0,0.3457171742975067
06073017050,244.0,247.0,3.0,15727.0,15573.548141820345,0.1427511921001069,0.0,0.3468718894986864
06073009104,411.0,414.0,3.0,8431.0,8409.49786104015,-0.4666120397313889,0.00028125,0.34118696964018547
06073015801,77.0,74.0,-3.0,33514.0,33466.11627911299,1.5315309128036578,0.0,0.3489650133871436
06073013203,190.0,187.0,-3.0,19099.0,19136.07613536221,1.244196682357928,0.0,0.34402057113551443
06073014400,278.0,275.0,-3.0,14305.0,14323.26654090754,1.2870415559639583,0.0,0.34070393010678934
06073007601,523.0,526.0,3.0,4918.0,4887.967971239168,0.5516323285655766,0.1138125,0.35209124052450314
06073017202,401.0,404.0,3.0,8821.0,8745.827334652335,-0.9640627150143716,0.00021875,0.35313235524530207
06073013908,542.0,539.0,-3.0,4457.0,4492.789133982323,0.2512046223520925,0.48365625,0.3482146841257432
06073022102,230.0,233.0,3.0,16471.0,16317.941184991372,-0.4270187345033209,0.0,0.34015890980775865
06073018609,515.0,512.0,-3.0,5225.0,5271.954325546638,0.5817868628234631,0.02428125,0.34341737669698347
06073021800,484.5,487.0,2.5,5815.0,5805.807192129312,-1.136262055845597,0.007125,0.3422964918608642
06073010017,624.5,622.0,-2.5,2288.0,2313.891856545861,-0.1394989525591674,0.998625,0.33948059908358097
06073016618,701.5,699.0,-2.5,405.0,422.4976711200846,-0.1848497943957825,0.99771875,0.4131424324447739
06073014601,181.5,179.0,-2.5,19726.0,19736.731834647602,1.4322255009495288,0.0,0.34209135893670783
06073009604,326.5,324.0,-2.5,12404.0,12373.971666555457,0.0590164564688962,0.0,0.3354000965191748
06073017306,533.5,536.0,2.5,4575.0,4561.418392931521,-1.414054116647962,0.37521875,0.33806160502012617
06073011801,118.0,120.0,2.0,25659.0,25560.953760923116,1.06499459160533,0.0,0.34199570360059717
06073000901,56.0,54.0,-2.0,40903.0,40818.62069191856,0.8345135870419281,0.0,0.3404542356583846
06073013205,306.0,308.0,2.0,12942.0,12870.8357365391,0.494976978672007,3.125e-05,0.3397266646736803
06073002710,293.0,291.0,-2.0,13567.0,13614.997208738845,1.0640414530123945,0.0,0.3465768970461536
06073000902,50.0,48.0,-2.0,42918.0,42896.38741566099,1.495564112036653,0.0,0.3441937747396846
06073020210,304.0,302.0,-2.0,13018.0,13018.098896083722,0.5896597079413596,0.0,0.3421160273445363
06073020202,152.0,150.0,-2.0,21927.0,21914.28473932311,1.212977316888497,0.0,0.3462129662406195
06073020107,342.0,344.0,2.0,11721.0,11677.796135395929,0.3745765726908069,0.0,0.3447668277757945
06073012900,167.0,169.0,2.0,20615.0,20467.927942468406,-0.24004026942706,0.0,0.349165469292144
06073012600,303.0,305.0,2.0,13019.0,12938.833895428954,0.475317189961545,0.0,0.3430322450901553
06073012303,285.0,287.0,2.0,13928.0,13924.58838348276,0.713832338095772,0.0,0.34704455111368304
06073003103,536.0,534.0,-2.0,4561.0,4588.256841246989,0.0150916736749134,0.3541875,0.3457835219469292
06073002602,319.0,317.0,-2.0,12562.0,12600.373097261401,1.0520506826945313,0.0,0.3426840743984467
06073012002,299.0,297.0,-2.0,13127.0,13247.745872085223,2.178628191165715,0.0,0.3335675412381729
06073013425,495.0,497.0,2.0,5542.0,5520.166907833082,-1.05250743222512,0.01434375,0.3493770881753697
06073013421,429.0,431.0,2.0,7910.0,7898.004818896263,-0.4668753284260155,0.00015625,0.3393245148411612
06073013417,458.0,460.0,2.0,6526.0,6512.765440690827,-0.6186156911987125,0.00178125,0.3440178844425077
06073002501,231.0,229.0,-2.0,16451.0,16439.031273857476,1.2513328244038435,0.0,0.34019564456902884
06073021305,653.0,655.0,2.0,1410.0,1412.0739716475355,-0.5145283488024215,1.0,0.350982297376758
06073021900,246.0,248.0,2.0,15672.0,15522.816422034959,1.1300792654498106,3.125e-05,0.3495992400263752
06073014101,430.0,428.0,-2.0,7897.0,7910.196262993198,-0.0920898069681972,9.375e-05,0.3383416612086503
06073009703,395.0,397.0,2.0,8971.0,8960.652563205276,-0.4328808823353495,0.0,0.3386191659201838
06073017022,242.0,244.0,2.0,15830.0,15715.450038566953,-0.3744746091479123,0.0,0.3438610543720202
06073017014,468.0,466.0,-2.0,6420.0,6452.732992291612,1.0840638107956064,0.0014375,0.3403810660177289
06073016902,640.0,642.0,2.0,1888.0,1873.7796456249828,-0.173575413070717,0.99996875,0.3631275349022074
06073010016,597.0,599.0,2.0,3076.0,3064.3608077981894,-0.5236682336308077,0.99903125,0.3460260487758813
06073016705,497.0,495.0,-2.0,5529.0,5568.768805447459,0.6579170538723962,0.00846875,0.3315177352777301
06073010005,494.0,492.0,-2.0,5571.0,5634.988095197107,1.7482325491284785,0.00659375,0.34304877184328575
06073010010,413.0,411.0,-2.0,8411.0,8448.96814445994,0.789888497901342,3.125e-05,0.3450574885711504
06073010502,549.0,547.0,-2.0,4273.0,4318.592698160044,0.849586431717221,0.70915625,0.3492104391236328
06073010001,266.0,268.0,2.0,14764.0,14707.97163460244,-0.0309601657222379,0.0,0.33984551301489674
06073003208,593.0,591.0,-2.0,3171.0,3215.67670366289,0.3393965956934965,0.99378125,0.3581823436422562
06073016614,287.0,289.0,2.0,13902.0,13833.251753554285,0.2145126677635442,9.375e-05,0.33971476189116423
06073010402,526.0,524.0,-2.0,4860.0,4921.798969759659,1.011063454087669,0.09484375,0.3496595999507246
06073020034,323.0,325.0,2.0,12425.0,12341.58757382294,-1.485189577174418,3.125e-05,0.34698654056405687
06073020035,504.0,506.0,2.0,5367.0,5367.585037199216,-0.9079241540300405,0.02215625,0.34876878377802
06073003115,525.0,523.0,-2.0,4876.0,4923.968016174823,0.970825555706393,0.09428125,0.34357774090946513
06073020403,298.0,300.0,2.0,13142.0,13069.501571316245,-0.1734409185511822,0.0,0.34585901929863283
06073002804,236.0,234.0,-2.0,16272.0,16234.335114392794,0.5818017707714785,0.0,0.33384876834156074
06073020405,573.0,575.0,2.0,3720.0,3719.470737476233,-0.7051323095616033,0.981125,0.3366843280722822
06073015705,232.0,230.0,-2.0,16380.0,16417.795420824234,0.8167291168562051,0.0,0.3328646105730595
06073010202,570.0,568.0,-2.0,3780.0,3809.4905581439416,0.0370609090444649,0.965375,0.3423351590914834
06073005500,21.0,23.0,2.0,77726.0,75664.56980591112,-0.5236682336308077,0.0,0.37181985381499594
06073017041,547.0,549.0,2.0,4292.0,4304.4304375101065,-0.6791658258692354,0.71934375,0.3400078160170654
06073017039,224.0,226.0,2.0,16681.0,16530.260825102006,-0.2949077523529294,0.00096875,0.3483926990046875
06073009108,108.0,110.0,2.0,26911.0,26578.917371156593,-0.0617485322005741,0.0,0.35404312247830916
06073003602,207.0,209.0,2.0,17731.0,17724.697919376347,0.8138740331048471,0.0,0.33701886763603284
06073005302,11.0,9.0,-2.0,85485.0,84920.95339621551,0.8531465466292896,0.0,0.35208997439003475
06073017036,488.0,486.0,-2.0,5784.0,5807.146658714206,-0.414044510446814,0.005,0.34081388131436086
06073017047,372.0,374.0,2.0,10305.0,10267.399706904436,-0.9993616840236552,9.375e-05,0.3441623304889099
06073019810,313.0,315.0,2.0,12765.0,12677.75827757774,0.4596310047830312,0.0,0.3449143861252981
06073005101,24.0,22.0,-2.0,76316.0,76119.54706555707,1.977559719051885,0.0,0.34000208244468944
06073005202,13.0,11.0,-2.0,83630.0,84137.50624968714,3.52175972061918,0.0,0.3450280100790568
06073017811,292.0,294.0,2.0,13609.0,13517.298107188863,-0.7489263772683646,0.0,0.3471075558634489
06073018520,587.0,585.0,-2.0,3382.0,3418.33272364123,-0.1169964979854437,0.99103125,0.35226271136380394
06073008357,314.0,312.0,-2.0,12760.0,12772.488418507652,0.4072306796024695,0.0,0.34922137785554774
06073017303,318.0,320.0,2.0,12582.0,12491.788116677162,-0.3710328829870737,0.0,0.3380679251403329
06073017601,554.0,556.0,2.0,4151.0,4154.392944691068,-0.4595465467000523,0.84928125,0.3371432528101259
06073017070,140.0,142.0,2.0,22980.0,22757.55651538551,-0.8711906467544731,0.0,0.3476533621650866
06073008701,116.0,118.0,2.0,25817.0,25601.055160689437,0.2742169094659764,0.0,0.3539851629369011
06073008365,492.0,494.0,2.0,5606.0,5599.69509127284,-1.17349059785521,0.01065625,0.3397495135355566
06073008507,431.0,429.0,-2.0,7892.0,7906.168492962859,0.2749494701560339,0.00015625,0.34227771716659383
06073017052,535.0,533.0,-2.0,4568.0,4591.2293068061135,-0.3474992763935903,0.351125,0.35032921353474755
06073017063,654.0,652.0,-2.0,1404.0,1424.5310945742297,-0.3331167423083012,0.99996875,0.36188703168169756
06073017061,623.0,625.0,2.0,2289.0,2290.3495232748623,-0.3260487373764227,0.99971875,0.33867004968922565
06073017051,189.0,191.0,2.0,19176.0,19029.016517796168,-0.4835676728529923,0.0,0.33708167177588777
06073008324,260.0,262.0,2.0,15065.0,14956.293366006277,-0.9172053514699048,0.0,0.3445441106061935
06073019702,428.0,426.0,-2.0,7947.0,7923.460317690176,-0.0531396415825916,0.00090625,0.3525081147929594
06073018101,151.0,153.0,2.0,21982.0,21843.022663088734,-0.1750219104428535,0.0,0.3378347460503779
06073019108,622.0,624.0,2.0,2317.0,2292.057577700438,0.0844399915551222,1.0,0.3382918812460174
06073007911,344.0,342.0,-2.0,11687.0,11758.322955287691,0.4770036234770701,0.0,0.3595237370014335
06073008328,668.0,670.0,2.0,927.0,937.923254000048,-1.3335094072813949,1.0,0.34401886892798306
06073008353,505.0,503.0,-2.0,5360.0,5382.252514205019,-0.3993639846960017,0.0166875,0.3355016194867062
06073008327,234.0,236.0,2.0,16308.0,16142.436725172935,-0.8399619892647144,6.25e-05,0.3585967062517579
06073019303,574.0,576.0,2.0,3708.0,3716.544623038783,-0.4176002406779028,0.978125,0.34752330870632697
06073018301,211.0,213.0,2.0,17629.0,17437.064039239754,0.1843407028901118,0.0,0.35024202254043857
06073007602,596.0,594.0,-2.0,3080.0,3118.6825123895937,0.879695363291029,0.99590625,0.35849688428550053
06073014602,284.0,286.0,2.0,14008.0,13928.693415395504,-0.4852283546574503,0.0,0.34612845802201697
06073001802,254.0,252.0,-2.0,15251.0,15342.225659572456,1.0016459679474792,0.0,0.35448197060620323
06073007401,268.0,266.0,-2.0,14726.0,14752.945069923217,0.613711790684122,0.0,0.34401891936649065
06073013326,392.0,394.0,2.0,9050.0,9029.825908679179,-1.0578123052297332,9.375e-05,0.34592596913809004
06073020807,699.0,701.0,2.0,415.0,417.75843253961307,-0.2688099521128949,1.0,0.3451677599715959
06073001202,158.0,156.0,-2.0,21601.0,21586.2153989568,0.5630022857282193,0.0,0.34494064441326877
06073013307,671.0,669.0,-2.0,925.0,943.5055595363165,0.6121646985981926,1.0,0.36467984052192914
06073015002,183.0,181.0,-2.0,19695.0,19655.200415221527,1.3737802554344858,0.0,0.33582465276361617
06073001600,153.5,152.0,-1.5,21846.0,21865.50685675237,1.298098315611432,0.0,0.34960638233539854
06073007905,324.5,323.0,-1.5,12420.0,12429.528884423175,0.3555184298434868,6.25e-05,0.3515852768575112
06073007701,308.5,307.0,-1.5,12861.0,12883.161499963575,-0.1173588606633176,0.0,0.34378726290459305
06073019601,462.5,464.0,1.5,6471.0,6480.339126779808,-0.0759221170113187,0.00215625,0.3509575971972705
06073019602,465.5,467.0,1.5,6440.0,6450.730745245782,0.3390332183186925,0.00125,0.34606670690599195
06073017305,533.5,535.0,1.5,4575.0,4573.841968948576,-0.7155740286829727,0.36465625,0.3467375488011104
06073008379,36.5,35.0,-1.5,54602.0,54819.41983897858,2.986305793867295,0.0,0.34793290843901303
06073015408,598.5,597.0,-1.5,3058.0,3076.535761060376,-0.0006149076544439,0.9985,0.33916271395302733
06073010018,624.5,623.0,-1.5,2288.0,2308.62085098205,-0.5908266039180824,0.999625,0.3479644994888238
06073020043,669.5,668.0,-1.5,926.0,947.7101828282075,-0.5658681181843846,0.99828125,0.38190846587860516
06073020044,669.5,671.0,1.5,926.0,937.9166773856565,-0.9434716358370993,1.0,0.35314252181003525
06073020211,168.5,167.0,-1.5,20518.0,20499.973090159307,1.0811583902166892,0.0,0.33578443883406095
06073013411,591.0,592.0,1.0,3200.0,3211.638057072279,-0.6658585014237673,0.9964375,0.33788951889335284
06073015001,213.0,212.0,-1.0,17551.0,17494.91415655789,0.991760484790771,0.0,0.34574258730825314
06073013401,305.0,304.0,-1.0,13009.0,12941.891916670751,-0.4050124068662324,0.0,0.34039624519157563
06073013317,541.0,542.0,1.0,4467.0,4470.527928745155,-0.4757439915294281,0.49978125,0.3412248915078884
06073015301,247.0,246.0,-1.0,15554.0,15588.62569880392,1.2622323184885635,0.0,0.33791624285447597
06073013412,450.0,451.0,1.0,6976.0,6962.16557300654,-0.3723106065078605,0.00103125,0.3408783309422727
06073020602,156.0,157.0,1.0,21652.0,21561.593068456204,0.9552689950090524,0.0,0.3504694070487684
06073001500,142.0,141.0,-1.0,22899.0,22796.446999034248,-0.1709108001730435,0.0,0.34357494545081835
06073001700,177.0,176.0,-1.0,20064.0,20039.018636267177,0.2794211549133719,0.0,0.34892505650500993
06073002001,337.0,338.0,1.0,11943.0,11867.123202480594,-0.8059619033389961,0.0,0.3359728440706089
06073002201,179.0,178.0,-1.0,19777.0,19879.78757428459,2.224813828631451,0.0,0.3475072016631007
06073013325,472.0,471.0,-1.0,6286.0,6327.449341297527,0.3590157259526856,0.00171875,0.35041488088789485
06073013505,551.0,552.0,1.0,4208.0,4229.842100868487,0.1072896174262101,0.79021875,0.3406106117002192
06073007402,251.0,250.0,-1.0,15435.0,15400.01509343111,-0.1337260203483475,0.0,0.3401552289825478
06073018617,687.0,686.0,-1.0,658.0,670.5046805197103,-0.4122079268151675,1.0,0.36782473176046526
06073018612,675.0,674.0,-1.0,891.0,903.1099256218093,-0.336870439328275,1.0,0.34706236629527876
06073019203,592.0,593.0,1.0,3190.0,3196.7477968328876,-0.4889919818401322,0.99715625,0.33885079903529647
06073008301,482.0,483.0,1.0,5852.0,5852.5436421092445,-1.2584240592448006,0.00465625,0.3342583949883178
06073007908,297.0,298.0,1.0,13162.0,13191.4722229107,0.2338093626724554,0.0,0.3420076735462434
06073008346,64.0,65.0,1.0,36593.0,35754.535846195744,-0.9266307155489254,0.00025,0.37070742378880617
06073008310,481.0,482.0,1.0,5854.0,5854.640095246057,-0.6250915543220728,0.005125,0.3465005918132018
06073007502,409.0,408.0,-1.0,8526.0,8561.79751365695,0.4725288309113053,0.000375,0.34670182583992926
06073001302,141.0,140.0,-1.0,22928.0,22900.476129031136,0.3063716184635215,0.0,0.33478279161354685
06073008306,586.0,587.0,1.0,3392.0,3399.7886793165085,-1.08869080123739,0.99415625,0.33969303102138504
06073008307,109.0,108.0,-1.0,26870.0,26649.506126527744,0.0008927207087381,0.0,0.3542358138628572
06073018622,374.0,373.0,-1.0,10235.0,10281.170980438355,1.015854084223262,3.125e-05,0.3422194395851825
06073018621,275.0,276.0,1.0,14359.0,14321.0931694457,-0.1911665003430574,9.375e-05,0.3424514199153119
06073005401,19.0,20.0,1.0,79440.0,78852.0309087366,0.3193726423034097,0.0,0.33971354437129797
06073020024,349.0,348.0,-1.0,11304.0,11315.60852666762,0.542331434181011,0.0,0.3408282052092044
06073005403,18.0,19.0,1.0,80003.0,79040.72155827376,0.1132181563931149,0.0,0.35135496156780555
06073005402,23.0,24.0,1.0,76450.0,75626.39473414797,0.5740679897650426,0.0,0.352943336675402
06073019905,239.0,238.0,-1.0,16128.0,15999.377536359738,-0.4109738715005003,0.0,0.3478173348858906
06073020017,192.0,193.0,1.0,19056.0,18882.99424308562,0.6025591519282395,0.0,0.3390993612118294
06073019803,421.0,422.0,1.0,8092.0,8104.102893173851,0.6452988664204606,0.00028125,0.3377640889907916
06073019501,191.0,190.0,-1.0,19084.0,19036.14560991853,0.622499410121982,0.0,0.3470939362472478
06073019405,229.0,228.0,-1.0,16568.0,16522.18690895998,0.1530387720382136,0.0,0.34397979312865523
06073019305,307.0,306.0,-1.0,12931.0,12923.66153668611,0.1912295180727379,0.0,0.34444338945206887
06073018613,506.0,505.0,-1.0,5352.0,5370.396245252804,-0.0465009106201064,0.01896875,0.3449421120816307
06073007501,286.0,285.0,-1.0,13906.0,13931.018629159313,0.6990417013639695,0.0,0.3509299839107456
06073018618,448.0,447.0,-1.0,7118.0,7153.868416283825,0.5009206565230607,0.00065625,0.3426466187411119
06073019304,250.0,251.0,1.0,15463.0,15382.815773997594,-0.2652883546875905,0.0,0.3407420528944147
06073017810,219.0,220.0,1.0,17037.0,16894.052583622182,-0.5686949580129502,0.0,0.34611767093578116
06073018000,176.0,177.0,1.0,20132.0,19987.65988490062,0.0154442174575054,0.0,0.33424129785664647
06073018518,312.0,311.0,-1.0,12790.0,12778.093020912624,-0.0812798379368177,0.0,0.3485435699512589
06073018511,134.0,133.0,-1.0,23777.0,23619.493403443917,0.6809564514407653,0.0,0.35124903361466764
06073018509,204.0,203.0,-1.0,17847.0,17830.20274569127,1.5096230720326662,0.0,0.34378558827750183
06073017902,220.0,219.0,-1.0,16996.0,16941.36685726227,0.7213306695116355,0.0,0.3491024919786714
06073018504,187.0,188.0,1.0,19253.0,19072.586931343994,-0.1258270884614099,0.0,0.3418516239438638
06073008358,320.0,319.0,-1.0,12549.0,12546.04061776427,0.1205197741294094,3.125e-05,0.3421672170990746
06073008355,321.0,322.0,1.0,12512.0,12474.368231006873,-0.5590084172171331,0.00034375,0.3531333935917367
06073017108,433.0,434.0,1.0,7816.0,7815.673965916652,-0.545293116709581,0.000125,0.3422937882519843
06073017068,524.0,525.0,1.0,4898.0,4907.081456554925,-0.5212913746852169,0.1018125,0.3452709607612636
06073017603,328.0,329.0,1.0,12248.0,12172.158270731745,-0.9714649996958736,9.375e-05,0.33599709156649915
06073017501,92.0,93.0,1.0,29577.0,29202.765722937373,-0.2856280812116785,3.125e-05,0.34661941313394173
06073018525,595.0,596.0,1.0,3081.0,3098.334211891359,-0.7566294817611577,0.998125,0.34557654469223564
06073017408,263.0,264.0,1.0,14897.0,14808.744480003259,-0.2997808200299446,0.0,0.3462153654265414
06073008373,161.0,162.0,1.0,21489.0,21238.6434846029,-0.9738709831647846,0.0,0.35373473937443833
06073008367,512.0,513.0,1.0,5242.0,5259.895669462106,0.0312474303065343,0.0275,0.3463933568405153
06073008370,157.0,158.0,1.0,21640.0,21485.889996512447,-0.6241536205698922,6.25e-05,0.34367399756804673
06073017065,566.0,567.0,1.0,3800.0,3818.9755357368426,-0.9403079765113778,0.9639375,0.345904417005956
06073017059,572.0,571.0,-1.0,3777.0,3799.354779802563,0.173702447949139,0.9669375,0.34599781411398745
06073017057,539.0,540.0,1.0,4483.0,4492.025881837953,-0.7305858693136492,0.47584375,0.3421915913575706
06073008702,99.0,100.0,1.0,27949.0,27715.10601426306,0.389135131147795,0.0,0.34593872333691067
06073017055,195.0,196.0,1.0,18765.0,18617.758495107864,-0.8229135681494771,0.0,0.35428901822990966
06073008510,105.0,104.0,-1.0,27445.0,27330.404107800827,0.7784691002600647,0.0,0.34109650406145775
06073008504,402.0,401.0,-1.0,8809.0,8812.490443914989,0.0127432111658382,0.0,0.34289256485819664
06073015200,348.0,349.0,1.0,11373.0,11294.647245746353,-0.7550886123723348,9.375e-05,0.34956427257938394
06073001201,185.0,184.0,-1.0,19506.0,19574.320647940163,1.194874937736952,0.0,0.34439599146238997
06073001100,228.0,227.0,-1.0,16586.0,16525.20504175503,-0.033978567454201,0.0,0.34635347052799403
06073013324,500.0,499.0,-1.0,5461.0,5493.32301849184,-0.6604257501911861,0.0130625,0.34439935629457885
06073013905,531.0,530.0,-1.0,4607.0,4621.738922235111,-0.5517812985017226,0.31325,0.3374781234399684
06073004200,397.0,398.0,1.0,8953.0,8936.517371740725,-0.5784425486832281,0.0,0.3412094976880695
06073004300,223.0,222.0,-1.0,16729.0,16697.310366135618,0.0215316524009573,0.0,0.3441530976087055
06073004501,17.0,18.0,1.0,80035.0,79391.17688675341,0.9296086487306192,0.0,0.345215401108792
06073008377,35.0,36.0,1.0,54670.0,54374.05451549844,1.943880457995796,0.0,0.35497686611910595
06073008501,467.0,468.0,1.0,6427.0,6438.0483556976515,-0.2996678596360542,0.001375,0.3430489433610635
06073020040,434.0,435.0,1.0,7811.0,7799.219578575474,0.0231199104148337,9.375e-05,0.34624129960456784
06073007302,258.0,259.0,1.0,15126.0,15052.837091295925,-0.9531894461851914,0.0,0.3392897255344973
06073020041,369.0,368.0,-1.0,10442.0,10440.418759241424,0.0284117912043191,0.0,0.3369301980787398
06073006300,86.0,87.0,1.0,31243.0,30831.22677083632,-0.5236682336308077,0.0,0.3559340847940451
06073005802,14.0,15.0,1.0,83165.0,81975.01286504907,-0.3354503719648814,0.0,0.346921910129689
06073017043,585.0,586.0,1.0,3395.0,3412.6546492778684,-0.7896012683622402,0.9930625,0.3482447940182558
06073017037,641.0,640.0,-1.0,1879.0,1898.226869808373,-0.2074390103382829,0.99975,0.36182597668650196
06073017034,291.0,292.0,1.0,13662.0,13596.119892605704,-0.4361109961136871,0.0,0.34341406668317376
06073007200,403.0,402.0,-1.0,8805.0,8774.0585878522,-0.8531778148728968,9.375e-05,0.3459445162929118
06073020039,222.0,223.0,1.0,16778.0,16683.107661493726,-0.660112639527198,3.125e-05,0.3485939971061125
06073020037,84.0,85.0,1.0,31524.0,31177.151050142267,-0.0597166699139834,0.0,0.34453802313537985
06073009102,451.0,450.0,-1.0,6962.0,7010.573377050236,0.8873376797707971,0.00084375,0.34901131656566875
06073008901,68.0,67.0,-1.0,35237.0,34960.00417520835,0.1012666245608461,0.0,0.35472171573420574
06073009804,559.0,558.0,-1.0,4080.0,4107.570083586736,-0.4697618175258455,0.877,0.3464519680166678
06073004102,22.0,21.0,-1.0,77695.0,76784.29276022321,1.7116450178903018,0.0,0.3595989301759879
06073003603,117.0,116.0,-1.0,25732.0,25644.929899878956,1.039540822744861,0.0,0.3436672398428069
06073003601,262.0,261.0,-1.0,14977.0,14964.690370487411,0.6566393435724763,0.0,0.3449423303789718
06073003404,338.0,337.0,-1.0,11886.0,11877.154283334352,0.1223923833474593,0.0,0.34726834665966777
06073003403,264.0,263.0,-1.0,14836.0,14816.211824096768,0.72117827971255,0.0,0.33725885793294985
06073019809,210.0,211.0,1.0,17659.0,17516.006686616984,-0.4610048976767402,0.00015625,0.3632687058877515
06073019808,655.0,654.0,-1.0,1394.0,1414.7179684257944,-0.2251868008373201,1.0,0.3468033655998264
06073019805,332.0,331.0,-1.0,12059.0,12068.739819791877,0.4207069655303098,0.0,0.3434571842214833
06073005201,12.0,13.0,1.0,83963.0,83241.464930948,1.1855968353353543,0.0,0.35013531080642046
06073004600,15.0,14.0,-1.0,82793.0,82165.015113365,1.2945161415991076,0.0,0.34780497483968453
06073009109,110.0,109.0,-1.0,26824.0,26592.311716145436,-1.0832663218833178,0.0,0.3502914211140151
06073006600,104.0,105.0,1.0,27487.0,27287.315110653413,-0.1208087315955241,0.0,0.34807703501132536
06073006500,71.0,70.0,-1.0,34000.0,33908.37095315144,2.721564051701073,0.0,0.3396139221757508
06073017006,558.0,559.0,1.0,4096.0,4102.005694004779,-0.6742525658875341,0.87971875,0.34437225857072384
06073017031,540.0,541.0,1.0,4471.0,4490.498913474484,-0.6634904580306938,0.477125,0.34105544854566716
06073009705,582.0,583.0,1.0,3486.0,3501.952543108947,-0.5951862997711812,0.99028125,0.3485035027680965
06073009505,686.0,687.0,1.0,659.0,666.0650332442149,-0.3452159715527154,1.0,0.3424762212204788
06073009203,65.0,64.0,-1.0,36270.0,35868.07374905256,-0.1106674615150101,0.0,0.35164619318743817
06073009201,100.0,99.0,-1.0,27924.0,27760.065262869834,0.2523258454382785,0.0,0.3455672028084287
06073010009,556.0,555.0,-1.0,4134.0,4155.758044675998,0.4027390851103118,0.845375,0.3538437223268627
06073016812,666.0,667.0,1.0,950.0,957.5968026453048,0.5394228101475349,1.0,0.34182814711498644
06073016806,513.0,514.0,1.0,5234.0,5259.161307616774,0.283347802114306,0.02734375,0.34291031368349145
06073016706,594.0,595.0,1.0,3094.0,3116.0816234544695,0.5588419435513551,0.99725,0.34659790844288096
06073016617,289.0,288.0,-1.0,13867.0,13872.240503197907,1.6332731151919184,0.0,0.3495847591417789
06073016620,464.0,465.0,1.0,6457.0,6463.92173043915,-0.1922334340573847,0.0018125,0.3375992618475827
06073010003,567.0,566.0,-1.0,3789.0,3825.738883531709,0.2111664434719952,0.9639375,0.3399226918865672
06073010900,499.0,500.0,1.0,5483.0,5478.434998110237,-0.933653095564708,0.015375,0.34272536140489507
06073010501,570.0,569.0,-1.0,3780.0,3804.7989865543414,-0.1252479150110548,0.96778125,0.34141741322081387
06073009509,317.0,316.0,-1.0,12701.0,12641.688042205695,-0.0386954775499185,0.0,0.342828163143686
06073020105,408.0,409.0,1.0,8532.0,8541.799345371266,0.1558454579923403,9.375e-05,0.3367054679026591
06073003214,583.0,582.0,-1.0,3483.0,3513.643203357875,-0.0304032589944582,0.988,0.35945263380459025
06073003212,470.0,469.0,-1.0,6395.0,6420.332081397941,-0.001500597059709,0.002125,0.34801858208737535
06073003211,555.0,554.0,-1.0,4149.0,4174.638814018955,-0.0515193796795565,0.82959375,0.3530016672355476
06073003201,459.0,458.0,-1.0,6509.0,6526.492987247611,0.1348171193599339,0.0015625,0.3339095969208472
06073020036,55.0,56.0,1.0,40920.0,40592.68539766147,0.7580978904472889,0.0,0.3419900499277304
06073020031,487.0,488.0,1.0,5785.0,5794.079819331782,-0.1881411257682056,0.00646875,0.3436212549765383
06073020030,252.0,253.0,1.0,15429.0,15323.049428407183,-0.2706234127133404,0.0,0.3526513075983466
06073020029,133.0,134.0,1.0,23780.0,23599.916617196126,1.052070740969431,0.0,0.3465167682395123
06073020028,87.0,86.0,-1.0,31237.0,31132.65449333923,1.0619939756989654,0.0,0.35039203847893674
06073010112,563.0,562.0,-1.0,4004.0,4053.3460078943262,1.1293577081466502,0.9021875,0.34309796060138353
06073010111,391.0,390.0,-1.0,9061.0,9096.561881953503,0.6414534088844978,0.000125,0.3430011270393756
06073016504,85.0,84.0,-1.0,31276.0,31212.34225741674,1.3668193187074669,0.0,0.33517168761006566
06073016503,149.0,148.0,-1.0,22357.0,22243.170184224935,0.0067644456029936,0.0,0.34211968805448834
06073009107,72.0,71.0,-1.0,33952.0,33788.03240497186,1.1785704906576246,0.0,0.33857260254600874
06073009103,385.0,386.0,1.0,9374.0,9366.992550492905,-0.4955585884944617,9.375e-05,0.3556165051844129
06073016201,188.0,189.0,1.0,19237.0,19071.94007609633,-0.3382445316645566,0.0,0.34435387542456475
06073016502,120.0,121.0,1.0,25544.0,25416.35979029993,0.9799097763752442,0.0,0.34643465834960274
06073010106,422.0,421.0,-1.0,8077.0,8129.29322321277,1.4659128319758503,0.000125,0.3446678858342125
06073010109,674.0,675.0,1.0,893.0,901.5505069621202,-0.1997638526127572,1.0,0.35415964206662576
06073015902,93.0,92.0,-1.0,29325.0,29277.691152586012,1.5623835838708733,0.0,0.3434641789237496
06073015901,83.0,82.0,-1.0,31581.0,31565.503363914137,1.601722001496528,6.25e-05,0.3324116393019736
06073015802,73.0,72.0,-1.0,33872.0,33752.092098833404,1.3147286951038497,0.0,0.3382782968869673
06073010107,382.0,383.0,1.0,9502.0,9494.522314574871,-0.1022537305925205,0.00021875,0.35149260879063426
06073015704,233.0,232.0,-1.0,16374.0,16384.822994300295,1.2602012941591825,0.0,0.3454456951520548
06073015701,208.0,207.0,-1.0,17702.0,17763.94612050575,1.8921617128475516,0.0,0.34812118650869195
06073015501,652.0,653.0,1.0,1411.0,1415.8295159361476,-0.3644676746291842,1.0,0.3473316936253914
06073015407,261.0,260.0,-1.0,15003.0,15036.700728688424,1.7308304317743184,0.0,0.34342613228460195
06073011300,514.0,515.0,1.0,5231.0,5193.065434397721,-0.8783145859473563,0.041,0.34713964096972205
06073014806,193.0,192.0,-1.0,18980.0,18970.643607032758,1.7031426278504078,0.0,0.34699705390144153
06073014804,130.0,129.0,-1.0,24228.0,24073.21428284568,0.1545046256592221,0.0,0.3520839097391857
06073016100,136.0,137.0,1.0,23559.0,23356.747491714887,-0.2209396495088069,0.0,0.3455590512734883
06073013104,125.0,126.0,1.0,24406.0,24341.11911514056,0.5831582027549915,0.0,0.3542894234555032
06073003003,532.0,531.0,-1.0,4591.0,4607.860446752663,0.4087861801747146,0.332125,0.340516953355408
06073002904,196.0,195.0,-1.0,18637.0,18657.42151321678,1.7713114206142595,0.0,0.3467642162677347
06073002905,253.0,254.0,1.0,15290.0,15305.6099370418,1.2928127627983137,3.125e-05,0.3387569083994464
06073020500,54.0,55.0,1.0,41228.0,40722.319787129905,0.4759930570567758,0.0,0.3579163114842778
06073020313,82.0,83.0,1.0,31909.0,31452.433676690423,1.0942491755992714,0.0,0.35223731498971667
06073020310,503.0,504.0,1.0,5369.0,5374.202209382369,-0.3255742466594777,0.01971875,0.34351657262485524
06073020601,137.0,136.0,-1.0,23482.0,23393.942753391904,0.671004108320032,0.0,0.34301628491214586
06073003401,277.0,278.0,1.0,14322.0,14274.817445861814,0.5528386952359389,0.0,0.3368937478748357
06073020109,276.0,277.0,1.0,14329.0,14294.801988746083,0.0858213428513369,0.0,0.33475550368058293
06073013103,148.0,149.0,1.0,22413.0,22199.46533302083,0.5883439119045519,0.0,0.35249734851231374
06073013102,171.0,172.0,1.0,20286.0,20210.284508969944,0.4924112008364218,0.0,0.34682776960504746
06073013000,121.0,122.0,1.0,25517.0,25409.87237185338,0.6867730795167798,0.0,0.3447606140288837
06073012502,394.0,393.0,-1.0,9041.0,9038.805797784906,0.7084391150634978,0.000125,0.34023490171469817
06073012402,184.0,183.0,-1.0,19641.0,19602.445397205847,0.6499977356884921,0.0,0.33138122977996254
06073012302,172.0,171.0,-1.0,20274.0,20286.348765077277,1.712331055532892,0.0,0.34139266050617323
06073012200,432.0,433.0,1.0,7842.0,7848.525317676166,0.5562854105649757,0.000125,0.3315645222199599
06073020214,51.0,50.0,-1.0,42734.0,42479.03510589363,2.2219274764399106,0.0,0.33685762664520347
06073002801,315.0,314.0,-1.0,12737.0,12692.499952002649,0.6011096034002114,0.0,0.3392860368609458
06073002712,383.0,382.0,-1.0,9493.0,9523.152781464982,1.5301455398757804,0.0,0.3369770427723111
06073002711,393.0,392.0,-1.0,9044.0,9044.737570992604,0.0245623816477954,3.125e-05,0.3563267527615821
06073002702,162.0,161.0,-1.0,21365.0,21293.654679351464,0.5944726197281253,0.0,0.34370301072697096
06073000500,78.0,77.0,-1.0,33326.0,33096.91568623111,0.3650241607303577,0.0,0.3443602741247549
06073013903,603.0,602.0,-1.0,2969.0,2989.1838908006016,-0.0374713519008668,0.99821875,0.3455930102838547
06073013802,404.0,403.0,-1.0,8743.0,8761.69565154858,0.2681715865296701,6.25e-05,0.34379225549065673
06073013801,373.0,372.0,-1.0,10301.0,10312.492639921973,0.8484483295513486,0.0,0.35165195258310966
06073013702,368.0,369.0,1.0,10450.0,10428.439139715947,-0.0094160918945048,3.125e-05,0.34327288618124285
06073013701,469.0,470.0,1.0,6399.0,6404.808083977494,0.2254371234249152,0.00171875,0.34265552603811855
06073013607,562.0,563.0,1.0,4012.0,4021.564863564493,-0.0185375208672137,0.91559375,0.3502223475143804
06073003111,386.0,385.0,-1.0,9362.0,9419.966241628012,1.5591460716880754,0.0,0.3453181723279961
06073003109,471.0,472.0,1.0,6313.0,6327.250179808916,-0.1424777467047868,0.0023125,0.3440210764984144
06073003107,529.0,528.0,-1.0,4720.0,4746.570536997322,0.0483904061492389,0.1970625,0.3343967743698535
06073003105,552.0,551.0,-1.0,4204.0,4230.9465064647675,-0.0860322721269244,0.78965625,0.3406113603071308
06073003004,460.0,459.0,-1.0,6487.0,6523.533546000168,0.5834785233451485,0.00184375,0.35094315628325745
06073002601,259.0,258.0,-1.0,15113.0,15150.648170070526,1.1555700696199602,0.0,0.3470560158522744
06073012003,331.0,332.0,1.0,12080.0,12063.139636357846,0.0282807418794155,0.0,0.3452725927904492
06073011902,294.0,293.0,-1.0,13565.0,13583.534847151572,0.6966612055523481,0.0,0.3463578427091871
06073013503,575.0,574.0,-1.0,3700.0,3721.259730671789,0.1213423618252318,0.9765,0.34493240330219876
06073013422,667.0,666.0,-1.0,949.0,959.6049320691394,-0.6342239823182487,1.0,0.3366244512514447
06073013416,528.0,529.0,1.0,4723.0,4734.012957871396,-0.5571530847711564,0.203,0.3457062706469092
06073013415,447.0,448.0,1.0,7138.0,7125.555160655285,-0.7586068985789111,0.000875,0.3510274636128994
06073022000,329.0,328.0,-1.0,12154.0,12198.405060384925,0.5591400495034883,0.0,0.34849573560644664
06073014001,390.0,391.0,1.0,9085.0,9094.577505463127,0.3460734112574626,9.375e-05,0.351993606111062
06073014200,414.0,413.0,-1.0,8402.0,8411.15236997298,-0.0409172061192856,0.00015625,0.34691930565042917
06073021502,642.0,641.0,-1.0,1861.0,1875.5427670746667,-0.5325086553349447,0.99990625,0.35395385998774564
06073021501,602.0,603.0,1.0,2972.0,2988.5715555475504,-1.5277213243096492,0.9973125,0.35521517679903347
06073021401,67.0,68.0,1.0,35288.0,34836.41562631585,0.0193018302756929,0.0,0.3488182428278659
06073014500,203.0,204.0,1.0,17894.0,17817.108045412322,0.2804126477842178,0.0,0.3491422576531935
06073020810,684.5,685.0,0.5,696.0,700.5981951481964,-0.6801822568533825,1.0,0.345114161922762
06073020811,684.5,684.0,-0.5,696.0,701.0499361648565,-0.5861955438654736,1.0,0.3470825947296525
06073014702,181.5,182.0,0.5,19726.0,19608.831773653743,-0.2344955751996298,0.0,0.34391104698670816
06073014901,153.5,154.0,0.5,21846.0,21743.837453996617,0.5513445724253406,0.0,0.3428378093668254
06073011000,484.5,485.0,0.5,5815.0,5836.815758082205,-0.2969312095542413,0.004875,0.3479265947884578
06073010800,484.5,484.0,-0.5,5815.0,5837.167497804586,-0.331364850442566,0.00553125,0.3453554278566404
06073009602,326.5,326.0,-0.5,12404.0,12338.856169715553,-0.6513028789841887,0.0,0.35139461317841736
06073009805,701.5,702.0,0.5,405.0,413.038130783083,-0.1986965729247281,1.0,0.37132231249490566
06073008378,36.5,37.0,0.5,54602.0,54227.309576636224,2.261279041390285,0.0,0.3449046484986571
06073017104,462.5,463.0,0.5,6471.0,6480.839891411406,-0.2871714216699007,0.0015625,0.3485234032391009
06073018801,648.5,649.0,0.5,1596.0,1602.8434211048782,0.0032598846848215,1.0,0.33460093689537196
06073008311,426.5,427.0,0.5,7956.0,7919.977591240584,-1.3997580933262377,0.000375,0.34673654202633664
06073007702,308.5,309.0,0.5,12861.0,12861.143124508757,-0.0337711852129732,0.0,0.34547953616878857
06073007912,346.5,346.0,-0.5,11572.0,11591.02866135369,-0.0028066363250097,0.0,0.3444105503892505
06073008002,346.5,347.0,0.5,11572.0,11522.428371736118,-0.9254172360063057,0.0,0.3372695774709946
06073018906,648.5,648.0,-0.5,1596.0,1615.2387733417488,0.330553659620997,1.0,0.3505446670962673
06073020032,676.5,677.0,0.5,874.0,884.275891883599,-0.7697781173956778,1.0,0.3514335465519789
06073020033,676.5,676.0,-0.5,874.0,892.7289908120492,-0.109727056774936,0.9999375,0.3692065787887797
06073020206,168.5,168.0,-0.5,20518.0,20469.11774789267,0.3746779877334991,0.0,0.33614507270667815
06073015403,598.5,598.0,-0.5,3058.0,3066.4283063695043,-0.7109211394782168,0.99809375,0.34461632019813493
06073021204,691.0,691.0,0.0,613.0,618.359629830396,-0.3724339174938076,1.0,0.3494388582151968
06073020813,663.0,663.0,0.0,1099.0,1107.6890722996834,-0.3954539936014458,1.0,0.33761081919721203
06073020812,627.0,627.0,0.0,2243.0,2248.7666973152986,0.082665208879662,0.99990625,0.34596192912120927
06073020806,609.0,609.0,0.0,2727.0,2744.7512583378216,0.4642239953428052,0.99921875,0.34801697442153845
06073020805,631.0,631.0,0.0,2162.0,2172.432539761949,-0.1549386970102718,0.99959375,0.3450345206256662
06073020801,689.0,689.0,0.0,644.0,646.1147412869456,-0.6141164111333063,1.0,0.34586107421404044
06073020712,644.0,644.0,0.0,1766.0,1777.9172775181876,-0.3533847134003454,1.0,0.33800630134785425
06073020711,706.0,706.0,0.0,380.0,382.70675369504943,-0.4336397282953312,1.0,0.3415194901899792
06073020710,697.0,697.0,0.0,513.0,517.411906204369,0.0285199576068243,1.0,0.3489341311852314
06073020708,560.0,560.0,0.0,4067.0,4072.2357039859676,-0.5439930050172767,0.89625,0.3444768038129169
06073020707,170.0,170.0,0.0,20484.0,20405.942356092764,0.6178580766360569,0.0,0.3380518410548099
06073020706,626.0,626.0,0.0,2245.0,2249.9195433190707,-0.6754050174062923,0.99971875,0.3464424124272236
06073020705,443.0,443.0,0.0,7386.0,7370.896398112068,-0.2889915537959109,0.00090625,0.348283612830123
06073001000,63.0,63.0,0.0,36974.0,36786.33566418617,0.4656011478427325,0.0,0.3393827288631055
06073002705,356.0,356.0,0.0,10983.0,10993.550276217453,0.8330772461396633,0.0006875,0.3547419550636288
06073002709,255.0,255.0,0.0,15236.0,15289.560071481603,2.1035774959967823,0.0,0.33904724837341327
06073020304,645.0,645.0,0.0,1755.0,1764.3345650178428,-0.6704600743109844,1.0,0.35473506812428646
06073020305,474.0,474.0,0.0,6159.0,6172.487523127585,0.1876514849977034,0.002875,0.3420167213510812
06073020309,362.0,362.0,0.0,10727.0,10681.897521141487,-0.1870886111861243,0.0,0.3462096537656514
06073020311,579.0,579.0,0.0,3626.0,3625.083045036928,0.4134689618151613,0.985625,0.34669679164190015
06073020312,720.0,720.0,0.0,76.0,79.7102058572132,-0.1452031933616605,1.0,0.43016853939700894
06073020401,651.0,651.0,0.0,1460.0,1464.298864092038,-0.7313882399671675,1.0,0.33873887442512274
06073020404,388.0,388.0,0.0,9223.0,9197.920339735996,-0.1110867713890562,0.000125,0.3432393290042235
06073002803,243.0,243.0,0.0,15809.0,15854.298029968564,1.099307834929611,0.0,0.34459274835113796
06073002902,180.0,180.0,0.0,19758.0,19709.878787505026,0.7042304081272445,0.0,0.3480964406048006
06073002903,217.0,217.0,0.0,17136.0,17081.005995979693,0.3484184809388757,0.0,0.34927932824229835
06073003001,399.0,399.0,0.0,8890.0,8885.525446010228,0.1154296658938609,0.0,0.3539105057396039
06073003101,360.0,360.0,0.0,10744.0,10736.264780141408,0.0543414967071251,0.000125,0.3379876626849825
06073003108,564.0,564.0,0.0,3970.0,3999.2218326985285,-0.0703935642223417,0.92453125,0.344743388949837
06073003112,457.0,457.0,0.0,6586.0,6599.767199703562,-0.1590740827992392,0.0011875,0.34711556183555636
06073013319,490.0,490.0,0.0,5688.0,5690.1599783656475,-0.4443210695475888,0.00915625,0.34444485591155427
06073013320,718.0,718.0,0.0,136.0,141.3605626174262,-0.4090360707420991,0.99996875,0.40856958164628665
06073013321,527.0,527.0,0.0,4736.0,4761.739775664404,-0.4280556418546267,0.18875,0.3464130090797255
06073013322,437.0,437.0,0.0,7648.0,7649.109031164397,-0.9743829013259124,0.0005625,0.3410399104613635
06073013323,491.0,491.0,0.0,5668.0,5686.062244372099,-0.8123337134235878,0.0091875,0.3458418500232412
06073013906,517.0,517.0,0.0,5077.0,5110.809052270893,0.9907194372059428,0.04653125,0.34173091346700524
06073013907,553.0,553.0,0.0,4180.0,4213.841935199491,0.759057382672684,0.80703125,0.3433240272950666
06073013909,605.0,605.0,0.0,2833.0,2866.509658065886,0.1310163528645237,0.99796875,0.3446520084080378
06073014002,367.0,367.0,0.0,10517.0,10497.68749488421,0.4445408932407501,6.25e-05,0.3410104931298452
06073014102,550.0,550.0,0.0,4247.0,4275.507668962602,0.1603952856387773,0.74890625,0.34244363268288325
06073014300,407.0,407.0,0.0,8544.0,8567.591612918557,0.2171949037373778,6.25e-05,0.3412703221759852
06073014701,132.0,132.0,0.0,23839.0,23709.398699272144,0.224066236665076,0.0,0.33636560332171506
06073013327,445.0,445.0,0.0,7220.0,7248.028508693771,-0.1551772953072747,0.0001875,0.3370187909550175
06073013409,345.0,345.0,0.0,11662.0,11615.943976009305,-0.2661536372552042,3.125e-05,0.35202068800929354
06073013414,365.0,365.0,0.0,10665.0,10645.22299073284,-0.3703409510184549,3.125e-05,0.3410798108033912
06073013418,380.0,380.0,0.0,9646.0,9654.594729900055,0.3245680449637392,3.125e-05,0.3435525498221086
06073013301,339.0,339.0,0.0,11876.0,11864.303329687957,0.0302299952995572,0.0,0.35075294195643103
06073013302,355.0,355.0,0.0,11023.0,11027.984394710349,-0.1718510710794364,0.0,0.34285565753361524
06073014803,139.0,139.0,0.0,23027.0,22933.124125490194,0.836729538977782,0.0,0.34154280530801273
06073014805,310.0,310.0,0.0,12836.0,12836.451620229454,0.373656241556191,0.0,0.34522429102063157
06073014902,138.0,138.0,0.0,23318.0,23217.915425363033,0.6153118105030085,0.0,0.3464408216738679
06073015100,290.0,290.0,0.0,13681.0,13623.948396124333,-0.1611374187288977,0.0,0.3413164709076444
06073015302,454.0,454.0,0.0,6660.0,6656.5907259648,-0.3057462192411356,0.001125,0.34876196884740196
06073015405,712.0,712.0,0.0,276.0,282.8838559566492,-0.4603794864378299,1.0,0.3661471958986029
06073015406,716.0,716.0,0.0,208.0,212.98509319631688,-0.6067528265136214,1.0,0.37916411047193677
06073013303,357.0,357.0,0.0,10946.0,10962.495069133098,0.2404211160702324,3.125e-05,0.3601693258980614
06073013306,543.0,543.0,0.0,4402.0,4428.595359101651,0.3267956364116827,0.567,0.3361525172987587
06073013308,479.0,479.0,0.0,5946.0,5957.538202019764,0.0786802280575917,0.00403125,0.34472051258896386
06073013309,371.0,371.0,0.0,10364.0,10335.788245125574,-0.5858356997721289,6.25e-05,0.34374546724561483
06073013315,420.0,420.0,0.0,8149.0,8145.044932807272,-0.4184011017697265,0.00015625,0.3433167826032655
06073013316,370.0,370.0,0.0,10441.0,10425.570326510358,-0.4526389172723733,0.0,0.3455567036895708
06073013318,425.0,425.0,0.0,7963.0,7980.614772795781,-0.6942509557251677,0.00015625,0.34387463510944904
06073010401,518.0,518.0,0.0,5038.0,5080.512137979188,0.1932213819686732,0.048375,0.3351304720942494
06073010601,711.0,711.0,0.0,310.0,314.2515206800138,-1.0614093515217984,1.0,0.3566684630036514
06073015502,608.0,608.0,0.0,2782.0,2769.1397095749803,-0.416784142761808,0.99946875,0.33963822731922555
06073015601,269.0,269.0,0.0,14687.0,14666.48377889078,0.7630058195122041,0.0,0.34928386076470197
06073015602,628.0,628.0,0.0,2223.0,2234.9044898824936,-0.1146100140432484,0.99996875,0.34487096072919154
06073016000,198.0,198.0,0.0,18424.0,18292.737339953244,0.6025788828899947,6.25e-05,0.34690918150788264
06073011601,124.0,124.0,0.0,24985.0,24919.15738350039,0.740991996317018,0.0,0.33221778786033873
06073011602,128.0,128.0,0.0,24354.0,24253.865717107987,0.82144158401477,0.0,0.34980515094928677
06073012101,257.0,257.0,0.0,15179.0,15164.045094226729,0.3201962119980954,0.0,0.33849361985086723
06073012102,282.0,282.0,0.0,14046.0,14025.846136096914,0.8568527050276109,0.0,0.34490417476299484
06073012304,202.0,202.0,0.0,18066.0,18008.27338573023,0.4035546868615536,0.0,0.3410107898726942
06073012501,119.0,119.0,0.0,25547.0,25582.916132422644,1.9711206320553287,0.0,0.3431254918786202
06073012700,102.0,102.0,0.0,27763.0,27700.61611699861,1.0294136680334882,0.0,0.3447086140090416
06073012800,174.0,174.0,0.0,20159.0,20090.96737573861,0.3600706178165711,0.0,0.3434534203014934
06073013204,271.0,271.0,0.0,14537.0,14537.124630802462,0.4963454576806509,0.0,0.34378588379662567
06073013206,215.0,215.0,0.0,17349.0,17336.244021700066,1.3078145143875972,0.0,0.344545973475169
06073010019,695.0,695.0,0.0,549.0,559.1088358680743,-0.5169517148073975,1.0,0.34534899837356203
06073010103,570.0,570.0,0.0,3780.0,3802.2519236962253,1.2548984739588442,0.967625,0.3476709963332336
06073010104,646.0,646.0,0.0,1721.0,1740.7965767135279,-0.1286864361683089,0.99996875,0.34382339042952736
06073016202,88.0,88.0,0.0,30438.0,30099.77774022219,0.9693094942072786,0.0,0.3481953065346879
06073016301,81.0,81.0,0.0,32035.0,31920.876667944918,1.4699946024291126,0.0,0.3521784396993084
06073016302,75.0,75.0,0.0,33652.0,33461.749221610735,1.2748493159196144,0.0,0.3426913228128381
06073016401,384.0,384.0,0.0,9461.0,9454.130475162086,0.0007711493713854,3.125e-05,0.34259233094880237
06073016403,613.0,613.0,0.0,2599.0,2619.8005731703447,0.5169589370936247,0.999625,0.34349302059850473
06073016606,480.0,480.0,0.0,5939.0,5938.006405066416,-0.5462945062989256,0.00509375,0.35269164893169247
06073016607,363.0,363.0,0.0,10705.0,10671.606609132388,-0.279681910576265,0.0,0.3460180330968665
06073016608,501.0,501.0,0.0,5456.0,5458.9994733636295,-0.2747826600925336,0.01525,0.34327941166089104
06073016609,661.0,661.0,0.0,1117.0,1131.8346030056332,-0.1673953403666839,1.0,0.34645730008473574
06073016610,353.0,353.0,0.0,11075.0,11079.566434014529,0.3188217599351985,0.0,0.34594140100631066
06073016613,455.0,455.0,0.0,6641.0,6650.989222256765,-0.4441754897742713,0.00109375,0.33912593393073465
06073010110,557.0,557.0,0.0,4116.0,4151.533276951015,0.863940947096081,0.8479375,0.3479950387121047
06073010201,690.0,690.0,0.0,623.0,632.8334216143928,0.9481295092068492,1.0,0.35714184044195374
06073009706,612.0,612.0,0.0,2629.0,2644.1265992768726,-0.225027830996964,0.9995625,0.34689426632490417
06073009801,396.0,396.0,0.0,8960.0,8961.84936888082,-0.3321784066576881,9.375e-05,0.33957695870740245
06073009802,221.0,221.0,0.0,16822.0,16758.106831671685,0.1194425578956844,0.0,0.3430590227885837
06073009901,707.0,707.0,0.0,362.0,367.30366911867077,-0.5236682336308077,1.0,0.3473558068546243
06073010004,546.0,546.0,0.0,4312.0,4336.98168343389,-0.0891150675051168,0.68959375,0.335734471542418
06073016615,359.0,359.0,0.0,10855.0,10820.296273202937,-0.3309247795888757,3.125e-05,0.33596245781119016
06073016616,381.0,381.0,0.0,9638.0,9615.172272900825,-0.0066040330777445,0.0,0.3447713543351796
06073016619,544.0,544.0,0.0,4378.0,4388.471857893359,0.2822476127506625,0.61303125,0.3515509919640234
06073016621,578.0,578.0,0.0,3655.0,3658.400811192762,-0.3309521700266726,0.98290625,0.3535652152155251
06073016703,509.0,509.0,0.0,5271.0,5283.34228910184,-0.1744987885351011,0.0256875,0.3387619565250617
06073016704,700.0,700.0,0.0,412.0,421.7776144790439,-0.1666813967325826,1.0,0.36950986841436695
06073016804,565.0,565.0,0.0,3806.0,3832.2791707501,0.2822034322060181,0.961625,0.35165554391670817
06073016807,678.0,678.0,0.0,843.0,858.1425929156009,-0.1242305862556885,1.0,0.35877320246221167
06073016809,659.0,659.0,0.0,1137.0,1155.4817382497847,0.7706394427055621,0.9999375,0.36102392969412467
06073010011,423.0,423.0,0.0,8026.0,8049.636383474572,-0.2230097134999073,9.375e-05,0.3483329219104103
06073010013,446.0,446.0,0.0,7165.0,7205.599594509025,0.5459329137142824,0.0003125,0.334126648245034
06073009506,632.0,632.0,0.0,2098.0,2120.6157468026445,-0.6147783199144157,0.999875,0.33930883571615666
06073009507,681.0,681.0,0.0,733.0,744.5624403166589,-0.3212876753377001,1.0,0.35476478874390693
06073009510,643.0,643.0,0.0,1816.0,1840.1928210403269,0.3850264884583687,0.99975,0.3396119522292613
06073009511,496.0,496.0,0.0,5533.0,5557.270303134966,0.1445946653763883,0.01171875,0.34792159367388464
06073016810,635.0,635.0,0.0,2064.0,2080.9857744756428,-0.5151637120896008,0.99990625,0.3501244958577594
06073016811,682.0,682.0,0.0,712.0,724.9250926014339,-0.0611581605350981,1.0,0.36807104858424644
06073016813,713.0,713.0,0.0,260.0,265.5424830115767,-0.0140039184687859,1.0,0.3631765165909906
06073016901,614.0,614.0,0.0,2571.0,2572.1673338026594,-0.2117876031814531,0.9991875,0.3385577791143515
06073017009,621.0,621.0,0.0,2372.0,2386.1523021682087,-0.3039780824040523,0.99965625,0.3550024622724033
06073017010,715.0,715.0,0.0,223.0,227.08803031613954,-1.1050237344476292,1.0,0.34929122560992987
06073017018,334.0,334.0,0.0,12001.0,11982.230593529459,-0.039456335130557,0.0,0.34825240142935954
06073017020,708.0,708.0,0.0,356.0,360.3190760113821,-0.7797609387928404,1.0,0.34412568369710694
06073017021,714.0,714.0,0.0,253.0,256.4412830747226,-0.946724581289545,1.0,0.3569435247575665
06073017033,693.0,693.0,0.0,578.0,586.0541890909071,-0.905696051577892,1.0,0.35596922361295213
06073009603,52.0,52.0,0.0,41866.0,41528.374010767024,0.8425620433808115,0.0,0.343125716800456
06073009704,590.0,590.0,0.0,3239.0,3262.3270257540817,-0.1087675787794107,0.99528125,0.34775619318441287
06073009000,80.0,80.0,0.0,32323.0,32019.094140886664,-0.2035795602023665,0.0,0.3497320920221565
06073009101,410.0,410.0,0.0,8474.0,8463.659286107064,-0.1977458650938143,6.25e-05,0.34001062623358
06073017035,295.0,295.0,0.0,13478.0,13431.231779943217,0.5112256329603836,0.0,0.3342321831996351
06073017040,400.0,400.0,0.0,8860.0,8824.901270053575,-0.5695964393914469,0.00046875,0.3415817265818184
06073017044,545.0,545.0,0.0,4371.0,4383.899554914736,-1.0560160648228156,0.61646875,0.3366416890719037
06073017045,537.0,537.0,0.0,4551.0,4550.545312659123,-1.338082440507062,0.3924375,0.3415858044402107
06073017046,580.0,580.0,0.0,3613.0,3620.0675818015393,-0.879154538632851,0.985875,0.33976560042183657
06073017048,112.0,112.0,0.0,26194.0,25948.94696052567,0.0539620975986151,0.0,0.345785691752738
06073009204,406.0,406.0,0.0,8704.0,8682.804875710848,-0.7801220850507806,0.000125,0.34361273597134634
06073009301,476.0,476.0,0.0,6073.0,6102.7386965754595,-0.0560020080012613,0.00228125,0.33972145622480987
06073009305,387.0,387.0,0.0,9342.0,9341.263905027809,-0.2486707623881735,6.25e-05,0.34963730088066747
06073009306,508.0,508.0,0.0,5282.0,5295.562229770653,-0.4145097963835941,0.024625,0.3436128094034707
06073009307,61.0,61.0,0.0,37411.0,36865.22757927124,0.2136590879929822,0.0,0.3576692668173269
06073009308,28.0,28.0,0.0,62038.0,61451.13145114742,0.4535164579451375,0.0,0.3512517885154569
06073009400,683.0,683.0,0.0,698.0,701.7106495684673,-0.247225361433311,1.0,0.3468700525843289
06073009502,1.0,1.0,0.0,108469.0,105711.03656542544,-0.6376067458361325,0.0,0.38529512075708183
06073008509,405.0,405.0,0.0,8718.0,8740.919563936715,0.0854286491259365,0.000125,0.34548954739921456
06073008511,2.0,2.0,0.0,108218.0,104728.18111255344,-0.2077993089233007,0.0,0.3988873619517932
06073017053,710.0,710.0,0.0,315.0,321.2766429262989,-1.263306414081108,1.0,0.3710260278161064
06073017054,601.0,601.0,0.0,3011.0,3022.9545253928322,-0.5728276018907468,0.998375,0.34915773392247473
06073017056,200.0,200.0,0.0,18320.0,18194.545686508947,0.078609783690801,0.0,0.34901722537570734
06073017058,511.0,511.0,0.0,5264.0,5275.554725949318,-0.5139061588419717,0.023125,0.3291352037766533
06073017060,656.0,656.0,0.0,1283.0,1296.5243230494439,-0.0918491613084003,1.0,0.3472160377253788
06073017062,658.0,658.0,0.0,1181.0,1188.7402176651165,-1.4566319352341128,1.0,0.34455944422596385
06073017064,143.0,143.0,0.0,22796.0,22632.423320349793,-1.2173349478898543,0.0,0.3371308446690122
06073017066,696.0,696.0,0.0,532.0,537.9435056588497,-0.7607785143181669,1.0,0.35053139217470175
06073017067,502.0,502.0,0.0,5441.0,5438.773306619798,-0.9383274507289856,0.0150625,0.3327615679504117
06073008512,416.0,416.0,0.0,8251.0,8248.236751848295,0.0590616454551912,0.00025,0.3411431705974657
06073008513,412.0,412.0,0.0,8426.0,8419.092961057851,-0.4722026212566872,9.375e-05,0.3456040099969062
06073008600,90.0,90.0,0.0,29841.0,29584.24486648617,0.5936147779837492,0.0,0.3485727495908648
06073008800,62.0,62.0,0.0,36977.0,36789.85589587462,1.1178006778141911,0.0,0.3398205381616215
06073008902,91.0,91.0,0.0,29754.0,29425.530448397785,0.3091638675898656,0.0,0.3510256691611122
06073017702,166.0,166.0,0.0,20756.0,20585.57354354483,-0.5073923152165641,0.0,0.35894500645632377
06073017069,123.0,123.0,0.0,25377.0,25128.760191065798,-0.9813042739718671,0.0,0.34688801685300064
06073017106,637.0,637.0,0.0,2019.0,2014.6360845190381,-1.4013116350124744,0.99996875,0.3485444154940618
06073017107,442.0,442.0,0.0,7406.0,7384.0643983307655,-1.0272033705482837,0.0005625,0.3354533595980058
06073017109,611.0,611.0,0.0,2677.0,2687.2782748637806,-1.481225150046203,0.99940625,0.3406420723542629
06073017111,662.0,662.0,0.0,1115.0,1119.1082585770835,-1.1383090724314997,1.0,0.3398965076135463
06073017112,688.0,688.0,0.0,657.0,662.3107411666714,-1.0214166463276977,1.0,0.3380457910314867
06073017113,638.0,638.0,0.0,1951.0,1960.2488837848095,-0.5845011634328426,0.9996875,0.34472095837055416
06073017201,477.0,477.0,0.0,6071.0,6057.319611762067,-0.9669826816854868,0.00428125,0.34678371264718777
06073008376,39.0,39.0,0.0,53495.0,52847.562165054274,-0.0394404138721962,0.0,0.3556131130843152
06073008380,475.0,475.0,0.0,6109.0,6124.0164902002525,0.1308225561743007,0.00315625,0.33982888827098634
06073008381,473.0,473.0,0.0,6224.0,6257.697606992831,-0.7981364751687264,0.00190625,0.3398194057536763
06073008502,379.0,379.0,0.0,9908.0,9901.400226233847,0.4853274288370821,0.00015625,0.3363028544692668
06073008503,375.0,375.0,0.0,10208.0,10194.609549774817,0.1060913843037857,0.0,0.3488005498253379
06073008505,489.0,489.0,0.0,5723.0,5739.017584659939,0.2357790350794334,0.00853125,0.349708717421894
06073008506,438.0,438.0,0.0,7616.0,7634.45490723354,0.0296292934439967,0.0005625,0.34552283654548965
06073008366,516.0,516.0,0.0,5120.0,5113.486646781336,-1.3400835663139352,0.0485625,0.34399405761871193
06073008368,519.0,519.0,0.0,5005.0,5015.794305120677,-0.9719949433896576,0.06828125,0.3388796546573829
06073008369,144.0,144.0,0.0,22754.0,22571.26334240346,-0.782383902018227,0.0,0.3438791385994673
06073008371,43.0,43.0,0.0,48582.0,47774.409430530024,-0.6752741101156521,0.0,0.3624041620162206
06073008372,679.0,679.0,0.0,842.0,851.1312720272549,-1.0867482978304377,1.0,0.3501169043297132
06073008375,160.0,160.0,0.0,21539.0,21463.121701608823,0.9278717704465692,0.0,0.34447898680355316
06073017307,218.0,218.0,0.0,17130.0,17030.77082273313,-0.0482729632768045,0.0,0.33872674134024017
06073017308,378.0,378.0,0.0,9952.0,9957.061533170148,0.3882499554834295,6.25e-05,0.3503829932374156
06073017403,581.0,581.0,0.0,3593.0,3603.494327052514,-0.622134613591613,0.98634375,0.3511808026296812
06073017405,340.0,340.0,0.0,11827.0,11814.468538459269,0.6387992037561676,6.25e-05,0.3491280721988339
06073017406,507.0,507.0,0.0,5303.0,5309.199425272014,-0.2961116315113577,0.02559375,0.34894903020979307
06073017407,280.0,280.0,0.0,14268.0,14173.921703154354,-0.9600374777900084,0.0,0.3409825410055447
06073017502,194.0,194.0,0.0,18841.0,18682.219952196458,-0.1825410983925448,0.0,0.35098557104127615
06073017605,237.0,237.0,0.0,16204.0,16111.72125188374,-0.0078204351425452,0.0,0.3408971327683563
06073017606,98.0,98.0,0.0,28136.0,27862.908772890365,0.0306516646163866,0.0,0.3451396324138205
06073017701,444.0,444.0,0.0,7314.0,7327.340042818343,0.1842613535899605,0.00053125,0.3501510823756462
06073018523,361.0,361.0,0.0,10736.0,10733.780452086634,-0.0887641404133444,0.0,0.3423599054192721
06073018524,584.0,584.0,0.0,3425.0,3457.3160889549467,0.5820532628250312,0.98975,0.35000285445504353
06073017801,76.0,76.0,0.0,33592.0,33235.42653131221,0.1150220623094308,0.0,0.3565408880435381
06073017808,672.0,672.0,0.0,910.0,922.8824864721711,-0.6550195752620999,1.0,0.36090781195284727
06073017809,146.0,146.0,0.0,22579.0,22360.152812310356,-0.3701844853837617,0.0,0.33797813709074376
06073017901,127.0,127.0,0.0,24356.0,24258.321139954565,0.7660309608436849,0.0,0.3493005673393341
06073018102,95.0,95.0,0.0,29049.0,28754.56215121931,0.0305159945774371,0.0,0.33452926078384415
06073018201,103.0,103.0,0.0,27537.0,27382.79428451953,0.6591367935212527,0.0,0.35449362105500626
06073018202,115.0,115.0,0.0,25845.0,25728.233529564935,0.3627611114252775,0.0,0.3464736119453562
06073018302,163.0,163.0,0.0,21161.0,21045.960692359586,0.5259934620859369,0.0,0.3387410446974144
06073018400,201.0,201.0,0.0,18162.0,18184.17722431847,1.532562634656695,0.0,0.34617620252871006
06073008360,175.0,175.0,0.0,20138.0,20048.44062994535,0.1496075585840449,0.0,0.3391309928184345
06073008361,38.0,38.0,0.0,53801.0,53264.98701188015,1.08729969140253,0.0,0.35226881043826097
06073008362,58.0,58.0,0.0,40447.0,40090.23339098629,0.0058811192112629,0.0,0.3431936487097449
06073008363,34.0,34.0,0.0,54918.0,54896.08703132376,2.2818062101018586,0.0,0.34613876135782995
06073008364,135.0,135.0,0.0,23564.0,23541.977928260676,1.3270345258862368,0.0,0.34505773323726174
06073008345,521.0,521.0,0.0,4932.0,4958.118855615292,0.2360240381060351,0.08640625,0.34926645640638654
06073008347,589.0,589.0,0.0,3281.0,3305.076009676503,-0.604165307200443,0.99421875,0.35339011361992156
06073008348,520.0,520.0,0.0,4984.0,5004.380434709756,-0.4095475490213343,0.06871875,0.3393902661019226
06073008349,440.0,440.0,0.0,7502.0,7526.655604153913,-0.0965170656384237,0.00025,0.3370781463342478
06073008350,41.0,41.0,0.0,50131.0,49081.39026355281,-0.0243406420802063,0.0,0.3528975941089634
06073008351,29.0,29.0,0.0,61684.0,60822.77082649461,-0.5387801888990307,0.0,0.3462134981176934
06073008352,439.0,439.0,0.0,7592.0,7623.408738936635,-0.3534728209300631,0.000125,0.3340688454845253
06073008356,436.0,436.0,0.0,7744.0,7778.595020592259,-0.1642199785815238,0.0003125,0.34287967427306576
06073008359,159.0,159.0,0.0,21542.0,21470.79515417483,0.3512144403369293,0.0,0.34349229796497127
06073018510,274.0,274.0,0.0,14450.0,14396.906244929423,1.047766164660012,0.0,0.34672453476879284
06073018512,561.0,561.0,0.0,4034.0,4065.991450827941,0.9080938659588432,0.89421875,0.35554438182519377
06073018515,510.0,510.0,0.0,5270.0,5283.105050122617,-0.1725864238392452,0.02471875,0.33901991540012233
06073018516,441.0,441.0,0.0,7497.0,7500.612435284028,-0.1853401079977682,0.00021875,0.34488649412746675
06073018517,164.0,164.0,0.0,20838.0,20689.23579157717,0.0377220139944597,0.0,0.3489695470268863
06073018519,147.0,147.0,0.0,22422.0,22308.564605546806,0.0156224971930859,0.0,0.34459248840095924
06073018521,417.0,417.0,0.0,8248.0,8244.235727519746,-0.0697602536303659,9.375e-05,0.3472142322512308
06073018601,453.0,453.0,0.0,6742.0,6731.917366953037,-0.4272341063379254,0.00109375,0.3499379810164118
06073018608,606.0,606.0,0.0,2816.0,2825.312823531401,-0.5129418354809664,0.99940625,0.3332327457648221
06073018615,330.0,330.0,0.0,12122.0,12099.903881717495,0.1305478156868749,0.0,0.3445425011513148
06073018616,283.0,283.0,0.0,14027.0,13968.664566395613,0.8850248588315551,0.0,0.34129824272302756
06073018619,680.0,680.0,0.0,790.0,795.6107750665872,-0.9883242621892796,1.0,0.3375656416826036
06073018620,619.0,619.0,0.0,2435.0,2459.356538438228,-0.0490766808908429,0.9991875,0.3444472680917041
06073018803,660.0,660.0,0.0,1135.0,1138.7147030135272,0.2747439958217415,1.0,0.34591971191261095
06073018804,673.0,673.0,0.0,908.0,915.5367247116945,-0.2971572875733976,1.0,0.33497095229755924
06073008305,30.0,30.0,0.0,60605.0,59705.58513722046,0.313179794634533,0.0,0.3486288596920115
06073008312,59.0,59.0,0.0,38534.0,37690.72151971077,-0.4293613877056894,0.0,0.36920793415297837
06073008330,216.0,216.0,0.0,17215.0,17130.035953020113,-0.6308629740632714,0.0,0.34316876088404236
06073008331,240.0,240.0,0.0,16026.0,15933.719744240501,-1.1963808879607642,0.0,0.34138030940346376
06073008336,478.0,478.0,0.0,6037.0,6044.264996837356,-1.1736753843498229,0.0038125,0.34719399905968906
06073008337,493.0,493.0,0.0,5605.0,5616.445443466714,-1.022799207836012,0.00896875,0.3396276886054945
06073008343,32.0,32.0,0.0,58617.0,58100.20289562261,1.286228281871524,0.0,0.3508820539457922
06073008344,145.0,145.0,0.0,22739.0,22514.90961249529,-0.8913877604640533,0.0,0.3496295158441569
06073008101,354.0,354.0,0.0,11067.0,11049.911562930109,-0.0222759993845654,3.125e-05,0.33660566916076284
06073008102,335.0,335.0,0.0,11998.0,11936.578406277516,-0.9065899455858508,3.125e-05,0.3370917115304817
06073008201,376.0,376.0,0.0,10120.0,10119.173038594243,-0.0043278823116396,3.125e-05,0.33669952800650016
06073018805,709.0,709.0,0.0,344.0,349.44926650575024,-0.4177452334190393,1.0,0.35832751295576326
06073019103,665.0,665.0,0.0,961.0,964.0520182765574,-0.1647424495857726,1.0,0.339365105283683
06073019105,692.0,692.0,0.0,607.0,613.1072475422166,-0.1312106765155063,1.0,0.3490806002434823
06073019107,719.0,719.0,0.0,101.0,102.87149875362711,-0.4508803612042829,1.0,0.3493488711508794
06073019109,694.0,694.0,0.0,569.0,572.9988101274567,-0.1112274289256591,1.0,0.3469512327856643
06073019110,636.0,636.0,0.0,2063.0,2059.2472161263704,-0.3774495662246897,0.99984375,0.3512506359087135
06073019111,629.0,629.0,0.0,2189.0,2187.3015750397303,-0.1966638851774264,0.9999375,0.34633863686128397
06073019205,548.0,548.0,0.0,4276.0,4309.723069984015,0.4389224731493454,0.719625,0.3453546599361914
06073019206,341.0,341.0,0.0,11780.0,11770.882754290176,-0.0544659988350227,6.25e-05,0.34813939037807806
06073019208,607.0,607.0,0.0,2786.0,2775.815462693099,-0.2692878445284743,0.99928125,0.347733679600303
06073019209,703.0,703.0,0.0,401.0,406.37628588923656,-0.0429623816619142,1.0,0.3580626626012702
06073019210,456.0,456.0,0.0,6597.0,6617.109929245568,0.3630715577608301,0.0015,0.3400591840632998
06073019301,618.0,618.0,0.0,2442.0,2462.7799614396126,-0.2345578507404871,0.9991875,0.3559215788640415
06073006900,97.0,97.0,0.0,28785.0,28515.86756819753,-0.4500738879748505,0.0,0.34356009516110575
06073007002,214.0,214.0,0.0,17527.0,17416.297795821483,-0.5789888182317723,0.0,0.3382841092048334
06073007100,352.0,352.0,0.0,11132.0,11083.061871497943,-0.3604424959005909,0.0,0.3411010066871558
06073007303,377.0,377.0,0.0,10059.0,10063.686186835275,-0.3744424651861355,0.0001875,0.34120778131298124
06073007304,424.0,424.0,0.0,7967.0,8004.506717569037,0.5285604698866337,0.000125,0.3451002216329613
06073019403,449.0,449.0,0.0,7102.0,7100.63240923599,-0.1357725764838096,0.00078125,0.3455563525130856
06073019404,366.0,366.0,0.0,10640.0,10641.764116190907,0.6943509766699147,3.125e-05,0.34497436007706916
06073019406,279.0,279.0,0.0,14284.0,14252.641181995521,0.3768873561563641,0.0,0.3362561781267974
06073019502,186.0,186.0,0.0,19321.0,19333.354563331042,0.9306998699655596,0.0,0.3428481070852367
06073019503,66.0,66.0,0.0,35565.0,35207.89263452528,0.2525451119166993,0.0,0.3537338746314873
06073019701,461.0,461.0,0.0,6486.0,6495.142887166215,0.0497752546767696,0.00234375,0.3371765270972471
06073019804,197.0,197.0,0.0,18621.0,18456.015278603434,-0.6622353058179986,0.0,0.34915374842137403
06073007800,301.0,301.0,0.0,13068.0,13040.785449006364,0.1503857772545698,0.0,0.34127563182769727
06073007907,281.0,281.0,0.0,14109.0,14124.198576945011,0.3310415734219054,0.0,0.33585111926270983
06073007910,351.0,351.0,0.0,11161.0,11156.795336812631,0.255800528933136,0.0,0.34239596121900284
06073008006,358.0,358.0,0.0,10901.0,10892.550583776625,-0.3724097213670298,0.0,0.3386333882887218
06073005301,8.0,8.0,0.0,88885.0,88757.31537145027,2.7564022945738373,0.0,0.3461092653084439
06073019811,53.0,53.0,0.0,41602.0,40826.006985460794,-0.2581159713001336,0.0,0.35671773535668905
06073019902,165.0,165.0,0.0,20795.0,20625.52423349151,0.0928930984687387,0.0,0.35136051647641153
06073019904,225.0,225.0,0.0,16678.0,16546.414918676048,-0.0606395339693788,0.0,0.3485958028493972
06073020015,617.0,617.0,0.0,2459.0,2477.2892358086788,-0.902736356970334,0.99915625,0.35100813394361996
06073020019,111.0,111.0,0.0,26710.0,26520.786793441905,0.8187835599807184,0.0,0.3511162577782443
06073020021,113.0,113.0,0.0,26146.0,25904.50313979643,0.2469629219220614,0.0,0.35902134611948
06073020023,44.0,44.0,0.0,47882.0,47053.48983078939,-0.2840041423063438,0.0,0.3610802467934082
06073020025,60.0,60.0,0.0,37824.0,37395.67021768005,0.2604902762175709,0.0,0.3552888026602492
06073005700,5.0,5.0,0.0,97403.0,96801.24381356814,2.4991042330673023,0.0,0.34689126504696866
06073005801,3.0,3.0,0.0,100831.0,100234.05250565085,1.6825504298244145,0.0,0.3455817731356401
06073005900,6.0,6.0,0.0,96065.0,95628.76448691043,1.672434636401963,0.0,0.3322812800752821
06073006000,7.0,7.0,0.0,95395.0,94237.88329591313,0.8926099928568458,0.0,0.34636154570735833
06073006100,4.0,4.0,0.0,100417.0,98471.23062920794,0.0540439718719686,0.0,0.3622652675234441
06073006801,96.0,96.0,0.0,28903.0,28744.217899604024,0.3206579308564866,0.0,0.34119344034685817
06073006802,106.0,106.0,0.0,27293.0,27257.53603763487,1.131784117702301,0.0,0.3478974337912035
06073003305,241.0,241.0,0.0,15856.0,15860.627144546175,1.2713105939310665,0.0,0.3409825301114662
06073003501,256.0,256.0,0.0,15214.0,15207.746862801425,1.289466933730865,3.125e-05,0.3459155021683369
06073003800,522.0,522.0,0.0,4922.0,4946.5843287784,-0.4996321377588829,0.08940625,0.3437916278297539
06073003901,101.0,101.0,0.0,27776.0,27711.628300936234,0.8280625140462075,0.0,0.3398801513482965
06073003902,107.0,107.0,0.0,27246.0,27231.593643145683,1.4206989089240425,0.0,0.3407331757088645
06073004000,94.0,94.0,0.0,29087.0,28939.86896463853,1.074798819333862,0.0,0.344312087380267
06073004101,89.0,89.0,0.0,29950.0,29772.357800842823,0.6050802815968904,0.0,0.3570739071247946
06073020038,610.0,610.0,0.0,2702.0,2709.5843947457233,-0.5937048304657908,0.99925,0.34594101113384923
06073020042,600.0,600.0,0.0,3044.0,3060.7920398205897,-0.1854077364325528,0.99803125,0.3378190300721453
06073004400,69.0,69.0,0.0,34365.0,34083.44740174439,0.0991795172687325,0.0,0.3495257042695812
06073004700,25.0,25.0,0.0,75036.0,74144.36346601672,0.8102122270275013,0.0,0.3546846271460513
06073004800,26.0,26.0,0.0,69862.0,69230.42500624154,1.4562924847475731,0.0,0.34065935687183746
06073004900,57.0,57.0,0.0,40615.0,40504.84167104544,1.834358202692828,0.0,0.3479813033611663
06073005000,33.0,33.0,0.0,57423.0,56748.8186289002,2.074624781102489,0.0,0.3562916397694291
06073005102,16.0,16.0,0.0,81706.0,81851.52500137361,2.233357669408602,0.0,0.3330979585977172
06073005103,27.0,27.0,0.0,63971.0,63514.29734015638,3.358170441189166,0.0,0.34127749413839936
06073003113,419.0,419.0,0.0,8170.0,8173.9567850280955,-0.1983518103279833,0.0005625,0.3441035759815616
06073003114,634.0,634.0,0.0,2069.0,2093.7970726283647,-0.0494474776004681,0.99965625,0.3654799212768145
06073003202,418.0,418.0,0.0,8173.0,8195.819298157836,-0.1431136844210574,9.375e-05,0.34960670248585934
06073003204,498.0,498.0,0.0,5495.0,5498.254484237968,-0.0227620421152711,0.012375,0.34059253323239425
06073003207,616.0,616.0,0.0,2518.0,2534.62457965276,-0.2446002424271614,0.999625,0.3473699166273665
06073003209,604.0,604.0,0.0,2940.0,2975.516679250963,-0.0395137860464223,0.99621875,0.3533286215676599
06073003213,577.0,577.0,0.0,3681.0,3707.8876206082277,-0.3833465828120472,0.97846875,0.3396168503283974
06073003301,273.0,273.0,0.0,14451.0,14436.90747487854,0.9562297820643292,0.0,0.353164693863965
06073003303,249.0,249.0,0.0,15469.0,15480.548067958014,0.8631952857189115,0.0,0.3424283293578938
06073020106,639.0,639.0,0.0,1903.0,1925.2955134376703,0.4055308373533982,0.9999375,0.3446580576067051
06073020108,131.0,131.0,0.0,23950.0,23871.608253841405,0.6665715608997971,0.0,0.3480300276128254
06073020110,664.0,664.0,0.0,1032.0,1038.0364791369184,-0.2733158498861672,0.99996875,0.34619537505807063
06073020111,705.0,705.0,0.0,383.0,388.5837074135014,-0.8151239333214834,1.0,0.3480998812492109
06073020208,267.0,267.0,0.0,14753.0,14727.386960763408,-0.1000352477385777,0.0,0.33602911123181656
06073020209,272.0,272.0,0.0,14478.0,14522.839427243884,1.1813643477650295,0.0,0.3320819776636412
06073003304,296.0,296.0,0.0,13298.0,13352.799180105792,1.5026260402528155,0.0,0.3476364370227092
06073000800,47.0,47.0,0.0,43423.0,43172.85148639507,0.2510726454946559,0.0,0.34726441674945896
06073021205,633.0,633.0,0.0,2084.0,2100.1939167232217,0.3946626193551303,0.99940625,0.3494042197777869
06073021206,698.0,698.0,0.0,490.0,494.24050358487455,-0.4876762488189958,1.0,0.3422199913229562
06073021304,650.0,650.0,0.0,1585.0,1578.6616077353965,-0.7883557152318397,1.0,0.34701939896073863
06073021306,704.0,704.0,0.0,396.0,400.6538009067063,-0.488325236885117,1.0,0.34698447348546413
06073021402,199.0,199.0,0.0,18347.0,18280.03773416612,0.3665031465599463,0.0,0.3427423304703936
06073021600,657.0,657.0,0.0,1260.0,1266.836509412326,-0.0425764046052134,1.0,0.34980645538345456
06073001301,173.0,173.0,0.0,20171.0,20174.47657238691,0.1985270682986571,0.0,0.3332038869005398
06073001400,114.0,114.0,0.0,25852.0,25775.547549700015,0.5270302765618714,0.0,0.3435805701141259
06073001801,270.0,270.0,0.0,14553.0,14546.8012051537,0.2176551820568857,0.000125,0.3320813478770095
06073001900,350.0,350.0,0.0,11199.0,11181.858293630003,0.2187203433494853,0.0,0.3471395028289699
06073002002,364.0,364.0,0.0,10692.0,10663.369032744358,-0.4968949673923244,0.0,0.3412665103918524
06073002100,265.0,265.0,0.0,14779.0,14799.788653057667,0.5370924274009377,0.0,0.3420562378303895
06073002401,206.0,206.0,0.0,17758.0,17770.146741547942,0.9562252303650206,0.0,0.34092480411242576
06073002502,389.0,389.0,0.0,9116.0,9140.650483578838,0.5301130086012872,6.25e-05,0.34780198244641625
06073002703,343.0,343.0,0.0,11709.0,11699.08824777756,0.2026298005791746,0.0,0.34185227410988084
06073013420,452.0,452.0,0.0,6875.0,6880.247104090004,-0.1537957845856626,0.00103125,0.3408468614972122
06073013423,717.0,717.0,0.0,178.0,181.9353810360548,-0.5916791264801161,1.0,0.37795266908137215
06073013424,415.0,415.0,0.0,8305.0,8294.77948833621,-0.7768484882870424,6.25e-05,0.3540047735482954
06073013504,620.0,620.0,0.0,2408.0,2427.592104376,-0.6377479297244611,0.99953125,0.3437959890398048
06073013506,647.0,647.0,0.0,1649.0,1661.8766168851305,0.0785676270225487,0.99990625,0.34788776235687635
06073013601,588.0,588.0,0.0,3334.0,3359.1907839834007,0.1080756399289191,0.99365625,0.352280944529781
06073013604,630.0,630.0,0.0,2165.0,2184.9167493687332,-0.2073476916739647,0.999875,0.3481268303791891
06073013605,615.0,615.0,0.0,2540.0,2553.511980657413,-0.696758417240488,0.9994375,0.35051846480209026
06073000100,42.0,42.0,0.0,49803.0,48968.62038188872,-1.2178216588088977,0.0,0.3495132547794739
06073000201,79.0,79.0,0.0,32749.0,32603.042229183648,0.6819436773037743,0.0,0.3419470887871139
06073000202,31.0,31.0,0.0,59221.0,58406.71483906938,-0.1829616101648927,0.0,0.3474577556197609
06073000301,46.0,46.0,0.0,47011.0,46732.727973105444,1.0067532395021954,0.0,0.35097549255459803
06073000302,10.0,10.0,0.0,85813.0,84832.76594688452,0.3641074775635821,0.0,0.33759248665347563
06073000400,40.0,40.0,0.0,52149.0,51790.31778539999,1.0206126943008222,0.0,0.35216072861787673
06073000600,49.0,49.0,0.0,42982.0,42649.52254868504,0.4621890502314649,0.0,0.34416518074803726
06073000700,45.0,45.0,0.0,47117.0,46849.69711419423,0.5413692609555584,0.0,0.3507271875624909
