GEOID,det_jobs,exceedance_prob,disadvantage_z,det_desert,bayes_desert,classification
06073000100,49803.0,0.0,-1.2178216588088977,False,False,TN
06073000201,32749.0,0.0,0.6819436773037743,False,False,TN
06073000202,59221.0,0.0,-0.1829616101648927,False,False,TN
06073000301,47011.0,0.0,1.0067532395021954,False,False,TN
06073000302,85813.0,0.0,0.3641074775635821,False,False,TN
06073000400,52149.0,0.0,1.0206126943008222,False,False,TN
06073000500,33326.0,0.0,0.3650241607303577,False,False,TN
06073000600,42982.0,0.0,0.4621890502314649,False,False,TN
06073000700,47117.0,0.0,0.5413692609555584,False,False,TN
06073000800,43423.0,0.0,0.2510726454946559,False,False,TN
06073000901,40903.0,0.0,0.8345135870419281,False,False,TN
06073000902,42918.0,0.0,1.495564112036653,False,False,TN
06073001000,36974.0,0.0,0.4656011478427325,False,False,TN
06073001100,16586.0,0.0,-0.033978567454201,False,False,TN
06073001201,19506.0,0.0,1.194874937736952,False,False,TN
06073001202,21601.0,0.0,0.5630022857282193,False,False,TN
06073001301,20171.0,0.0,0.1985270682986571,False,False,TN
06073001302,22928.0,0.0,0.3063716184635215,False,False,TN
06073001400,25852.0,0.0,0.5270302765618714,False,False,TN
06073001500,22899.0,0.0,-0.1709108001730435,False,False,TN
06073001600,21846.0,0.0,1.298098315611432,False,False,TN
06073001700,20064.0,0.0,0.2794211549133719,False,False,TN
06073001801,14553.0,0.000125,0.2176551820568857,False,False,TN
06073001802,15251.0,0.0,1.0016459679474792,False,False,TN
06073001900,11199.0,0.0,0.2187203433494853,False,False,TN
06073002001,11943.0,0.0,-0.8059619033389961,False,False,TN
06073002002,10692.0,0.0,-0.4968949673923244,False,False,TN
06073002100,14779.0,0.0,0.5370924274009377,False,False,TN
06073002201,19777.0,0.0,2.224813828631451,False,False,TN
06073002202,17593.0,0.0,2.097811781123848,False,False,TN
06073002301,13030.0,0.0,0.6990785390108668,False,False,TN
06073002302,15700.0,0.0,2.0629166979451314,False,False,TN
06073002401,17758.0,0.0,0.9562252303650206,False,False,TN
06073002402,15513.0,0.0,1.4255924028780942,False,False,TN
06073002501,16451.0,0.0,1.2513328244038435,False,False,TN
06073002502,9116.0,6.25e-05,0.5301130086012872,False,False,TN
06073002601,15113.0,0.0,1.1555700696199602,False,False,TN
06073002602,12562.0,0.0,1.0520506826945313,False,False,TN
06073002702,21365.0,0.0,0.5944726197281253,False,False,TN
06073002703,11709.0,0.0,0.2026298005791746,False,False,TN
06073002705,10983.0,0.0006875,0.8330772461396633,False,False,TN
06073002707,17681.0,0.0,2.0421601286478626,False,False,TN
06073002708,25500.0,0.0,1.9692672232359216,False,False,TN
06073002709,15236.0,0.0,2.1035774959967823,False,False,TN
06073002710,13567.0,0.0,1.0640414530123945,False,False,TN
06073002711,9044.0,3.125e-05,0.0245623816477954,False,False,TN
06073002712,9493.0,0.0,1.5301455398757804,False,False,TN
06073002801,12737.0,0.0,0.6011096034002114,False,False,TN
06073002803,15809.0,0.0,1.099307834929611,False,False,TN
06073002804,16272.0,0.0,0.5818017707714785,False,False,TN
06073002902,19758.0,0.0,0.7042304081272445,False,False,TN
06073002903,17136.0,0.0,0.3484184809388757,False,False,TN
06073002904,18637.0,0.0,1.7713114206142595,False,False,TN
06073002905,15290.0,3.125e-05,1.2928127627983137,False,False,TN
06073003001,8890.0,0.0,0.1154296658938609,False,False,TN
06073003003,4591.0,0.332125,0.4087861801747146,False,False,TN
06073003004,6487.0,0.00184375,0.5834785233451485,False,False,TN
06073003101,10744.0,0.000125,0.0543414967071251,False,False,TN
06073003103,4561.0,0.3541875,0.0150916736749134,False,False,TN
06073003105,4204.0,0.78965625,-0.0860322721269244,True,True,TP
06073003107,4720.0,0.1970625,0.0483904061492389,False,False,TN
06073003108,3970.0,0.92453125,-0.0703935642223417,True,True,TP
06073003109,6313.0,0.0023125,-0.1424777467047868,False,False,TN
06073003111,9362.0,0.0,1.5591460716880754,False,False,TN
06073003112,6586.0,0.0011875,-0.1590740827992392,False,False,TN
06073003113,8170.0,0.0005625,-0.1983518103279833,False,False,TN
06073003114,2069.0,0.99965625,-0.0494474776004681,True,True,TP
06073003115,4876.0,0.09428125,0.970825555706393,False,False,TN
06073003201,6509.0,0.0015625,0.1348171193599339,False,False,TN
06073003202,8173.0,9.375e-05,-0.1431136844210574,False,False,TN
06073003204,5495.0,0.012375,-0.0227620421152711,False,False,TN
06073003207,2518.0,0.999625,-0.2446002424271614,True,True,TP
06073003208,3171.0,0.99378125,0.3393965956934965,True,True,TP
06073003209,2940.0,0.99621875,-0.0395137860464223,True,True,TP
06073003211,4149.0,0.82959375,-0.0515193796795565,True,True,TP
06073003212,6395.0,0.002125,-0.001500597059709,False,False,TN
06073003213,3681.0,0.97846875,-0.3833465828120472,True,True,TP
06073003214,3483.0,0.988,-0.0304032589944582,True,True,TP
06073003301,14451.0,0.0,0.9562297820643292,False,False,TN
06073003303,15469.0,0.0,0.8631952857189115,False,False,TN
06073003304,13298.0,0.0,1.5026260402528155,False,False,TN
06073003305,15856.0,0.0,1.2713105939310665,False,False,TN
06073003401,14322.0,0.0,0.5528386952359389,False,False,TN
06073003403,14836.0,0.0,0.72117827971255,False,False,TN
06073003404,11886.0,0.0,0.1223923833474593,False,False,TN
06073003501,15214.0,3.125e-05,1.289466933730865,False,False,TN
06073003502,16170.0,0.0,1.4342206096128345,False,False,TN
06073003601,14977.0,0.0,0.6566393435724763,False,False,TN
06073003602,17731.0,0.0,0.8138740331048471,False,False,TN
06073003603,25732.0,0.0,1.039540822744861,False,False,TN
06073003800,4922.0,0.08940625,-0.4996321377588829,False,False,TN
06073003901,27776.0,0.0,0.8280625140462075,False,False,TN
06073003902,27246.0,0.0,1.4206989089240425,False,False,TN
06073004000,29087.0,0.0,1.074798819333862,False,False,TN
06073004101,29950.0,0.0,0.6050802815968904,False,False,TN
06073004102,77695.0,0.0,1.7116450178903018,False,False,TN
06073004200,8953.0,0.0,-0.5784425486832281,False,False,TN
06073004300,16729.0,0.0,0.0215316524009573,False,False,TN
06073004400,34365.0,0.0,0.0991795172687325,False,False,TN
06073004501,80035.0,0.0,0.9296086487306192,False,False,TN
06073004600,82793.0,0.0,1.2945161415991076,False,False,TN
06073004700,75036.0,0.0,0.8102122270275013,False,False,TN
06073004800,69862.0,0.0,1.4562924847475731,False,False,TN
06073004900,40615.0,0.0,1.834358202692828,False,False,TN
06073005000,57423.0,0.0,2.074624781102489,False,False,TN
06073005101,76316.0,0.0,1.977559719051885,False,False,TN
06073005102,81706.0,0.0,2.233357669408602,False,False,TN
06073005103,63971.0,0.0,3.358170441189166,False,False,TN
06073005201,83963.0,0.0,1.1855968353353543,False,False,TN
06073005202,83630.0,0.0,3.52175972061918,False,False,TN
06073005301,88885.0,0.0,2.7564022945738373,False,False,TN
06073005302,85485.0,0.0,0.8531465466292896,False,False,TN
06073005401,79440.0,0.0,0.3193726423034097,False,False,TN
06073005402,76450.0,0.0,0.5740679897650426,False,False,TN
06073005403,80003.0,0.0,0.1132181563931149,False,False,TN
06073005500,77726.0,0.0,-0.5236682336308077,False,False,TN
06073005601,79156.0,0.0,4.320491586180137,False,False,TN
06073005602,85916.0,0.0,0.3171944362750259,False,False,TN
06073005700,97403.0,0.0,2.4991042330673023,False,False,TN
06073005801,100831.0,0.0,1.6825504298244145,False,False,TN
06073005802,83165.0,0.0,-0.3354503719648814,False,False,TN
06073005900,96065.0,0.0,1.672434636401963,False,False,TN
06073006000,95395.0,0.0,0.8926099928568458,False,False,TN
06073006100,100417.0,0.0,0.0540439718719686,False,False,TN
06073006200,16655.0,0.0050625,-0.5236682336308077,False,False,TN
06073006300,31243.0,0.0,-0.5236682336308077,False,False,TN
06073006500,34000.0,0.0,2.721564051701073,False,False,TN
06073006600,27487.0,0.0,-0.1208087315955241,False,False,TN
06073006801,28903.0,0.0,0.3206579308564866,False,False,TN
06073006802,27293.0,0.0,1.131784117702301,False,False,TN
06073006900,28785.0,0.0,-0.4500738879748505,False,False,TN
06073007002,17527.0,0.0,-0.5789888182317723,False,False,TN
06073007100,11132.0,0.0,-0.3604424959005909,False,False,TN
06073007200,8805.0,9.375e-05,-0.8531778148728968,False,False,TN
06073007302,15126.0,0.0,-0.9531894461851914,False,False,TN
06073007303,10059.0,0.0001875,-0.3744424651861355,False,False,TN
06073007304,7967.0,0.000125,0.5285604698866337,False,False,TN
06073007401,14726.0,0.0,0.613711790684122,False,False,TN
06073007402,15435.0,0.0,-0.1337260203483475,False,False,TN
06073007501,13906.0,0.0,0.6990417013639695,False,False,TN
06073007502,8526.0,0.000375,0.4725288309113053,False,False,TN
06073007601,4918.0,0.1138125,0.5516323285655766,False,False,TN
06073007602,3080.0,0.99590625,0.879695363291029,True,True,TP
06073007701,12861.0,0.0,-0.1173588606633176,False,False,TN
06073007702,12861.0,0.0,-0.0337711852129732,False,False,TN
06073007800,13068.0,0.0,0.1503857772545698,False,False,TN
06073007905,12420.0,6.25e-05,0.3555184298434868,False,False,TN
06073007907,14109.0,0.0,0.3310415734219054,False,False,TN
06073007908,13162.0,0.0,0.2338093626724554,False,False,TN
06073007910,11161.0,0.0,0.255800528933136,False,False,TN
06073007911,11687.0,0.0,0.4770036234770701,False,False,TN
06073007912,11572.0,0.0,-0.0028066363250097,False,False,TN
06073008002,11572.0,0.0,-0.9254172360063057,False,False,TN
06073008003,12721.0,0.0,-0.4069401887661851,False,False,TN
06073008006,10901.0,0.0,-0.3724097213670298,False,False,TN
06073008101,11067.0,3.125e-05,-0.0222759993845654,False,False,TN
06073008102,11998.0,3.125e-05,-0.9065899455858508,False,False,TN
06073008201,10120.0,3.125e-05,-0.0043278823116396,False,False,TN
06073008202,8893.0,3.125e-05,2.434332382523154,False,False,TN
06073008301,5852.0,0.00465625,-1.2584240592448006,False,False,TN
06073008303,7956.0,0.00034375,-1.0410175036061953,False,False,TN
06073008305,60605.0,0.0,0.313179794634533,False,False,TN
06073008306,3392.0,0.99415625,-1.08869080123739,True,True,TP
06073008307,26870.0,0.0,0.0008927207087381,False,False,TN
06073008310,5854.0,0.005125,-0.6250915543220728,False,False,TN
06073008311,7956.0,0.000375,-1.3997580933262377,False,False,TN
06073008312,38534.0,0.0,-0.4293613877056894,False,False,TN
06073008313,34147.0,0.0,-1.0615035696949884,False,False,TN
06073008324,15065.0,0.0,-0.9172053514699048,False,False,TN
06073008327,16308.0,6.25e-05,-0.8399619892647144,False,False,TN
06073008328,927.0,1.0,-1.3335094072813949,True,True,TP
06073008330,17215.0,0.0,-0.6308629740632714,False,False,TN
06073008331,16026.0,0.0,-1.1963808879607642,False,False,TN
06073008336,6037.0,0.0038125,-1.1736753843498229,False,False,TN
06073008337,5605.0,0.00896875,-1.022799207836012,False,False,TN
06073008339,43372.0,6.25e-05,1.6423261133730538,False,False,TN
06073008343,58617.0,0.0,1.286228281871524,False,False,TN
06073008344,22739.0,0.0,-0.8913877604640533,False,False,TN
06073008345,4932.0,0.08640625,0.2360240381060351,False,False,TN
06073008346,36593.0,0.00025,-0.9266307155489254,False,False,TN
06073008347,3281.0,0.99421875,-0.604165307200443,True,True,TP
06073008348,4984.0,0.06871875,-0.4095475490213343,False,False,TN
06073008349,7502.0,0.00025,-0.0965170656384237,False,False,TN
06073008350,50131.0,0.0,-0.0243406420802063,False,False,TN
06073008351,61684.0,0.0,-0.5387801888990307,False,False,TN
06073008352,7592.0,0.000125,-0.3534728209300631,False,False,TN
06073008353,5360.0,0.0166875,-0.3993639846960017,False,False,TN
06073008355,12512.0,0.00034375,-0.5590084172171331,False,False,TN
06073008356,7744.0,0.0003125,-0.1642199785815238,False,False,TN
06073008357,12760.0,0.0,0.4072306796024695,False,False,TN
06073008358,12549.0,3.125e-05,0.1205197741294094,False,False,TN
06073008359,21542.0,0.0,0.3512144403369293,False,False,TN
06073008360,20138.0,0.0,0.1496075585840449,False,False,TN
06073008361,53801.0,0.0,1.08729969140253,False,False,TN
06073008362,40447.0,0.0,0.0058811192112629,False,False,TN
06073008363,54918.0,0.0,2.2818062101018586,False,False,TN
06073008364,23564.0,0.0,1.3270345258862368,False,False,TN
06073008365,5606.0,0.01065625,-1.17349059785521,False,False,TN
06073008366,5120.0,0.0485625,-1.3400835663139352,False,False,TN
06073008367,5242.0,0.0275,0.0312474303065343,False,False,TN
06073008368,5005.0,0.06828125,-0.9719949433896576,False,False,TN
06073008369,22754.0,0.0,-0.782383902018227,False,False,TN
06073008370,21640.0,6.25e-05,-0.6241536205698922,False,False,TN
06073008371,48582.0,0.0,-0.6752741101156521,False,False,TN
06073008372,842.0,1.0,-1.0867482978304377,True,True,TP
06073008373,21489.0,0.0,-0.9738709831647846,False,False,TN
06073008374,3781.0,0.97171875,-1.6007816892368416,True,True,TP
06073008375,21539.0,0.0,0.9278717704465692,False,False,TN
06073008376,53495.0,0.0,-0.0394404138721962,False,False,TN
06073008377,54670.0,0.0,1.943880457995796,False,False,TN
06073008378,54602.0,0.0,2.261279041390285,False,False,TN
06073008379,54602.0,0.0,2.986305793867295,False,False,TN
06073008380,6109.0,0.00315625,0.1308225561743007,False,False,TN
06073008381,6224.0,0.00190625,-0.7981364751687264,False,False,TN
06073008501,6427.0,0.001375,-0.2996678596360542,False,False,TN
06073008502,9908.0,0.00015625,0.4853274288370821,False,False,TN
06073008503,10208.0,0.0,0.1060913843037857,False,False,TN
06073008504,8809.0,0.0,0.0127432111658382,False,False,TN
06073008505,5723.0,0.00853125,0.2357790350794334,False,False,TN
06073008506,7616.0,0.0005625,0.0296292934439967,False,False,TN
06073008507,7892.0,0.00015625,0.2749494701560339,False,False,TN
06073008509,8718.0,0.000125,0.0854286491259365,False,False,TN
06073008510,27445.0,0.0,0.7784691002600647,False,False,TN
06073008511,108218.0,0.0,-0.2077993089233007,False,False,TN
06073008512,8251.0,0.00025,0.0590616454551912,False,False,TN
06073008513,8426.0,9.375e-05,-0.4722026212566872,False,False,TN
06073008600,29841.0,0.0,0.5936147779837492,False,False,TN
06073008701,25817.0,0.0,0.2742169094659764,False,False,TN
06073008702,27949.0,0.0,0.389135131147795,False,False,TN
06073008800,36977.0,0.0,1.1178006778141911,False,False,TN
06073008901,35237.0,0.0,0.1012666245608461,False,False,TN
06073008902,29754.0,0.0,0.3091638675898656,False,False,TN
06073009000,32323.0,0.0,-0.2035795602023665,False,False,TN
06073009101,8474.0,6.25e-05,-0.1977458650938143,False,False,TN
06073009102,6962.0,0.00084375,0.8873376797707971,False,False,TN
06073009103,9374.0,9.375e-05,-0.4955585884944617,False,False,TN
06073009104,8431.0,0.00028125,-0.4666120397313889,False,False,TN
06073009107,33952.0,0.0,1.1785704906576246,False,False,TN
06073009108,26911.0,0.0,-0.0617485322005741,False,False,TN
06073009109,26824.0,0.0,-1.0832663218833178,False,False,TN
06073009201,27924.0,0.0,0.2523258454382785,False,False,TN
06073009203,36270.0,0.0,-0.1106674615150101,False,False,TN
06073009204,8704.0,0.000125,-0.7801220850507806,False,False,TN
06073009301,6073.0,0.00228125,-0.0560020080012613,False,False,TN
06073009305,9342.0,6.25e-05,-0.2486707623881735,False,False,TN
06073009306,5282.0,0.024625,-0.4145097963835941,False,False,TN
06073009307,37411.0,0.0,0.2136590879929822,False,False,TN
06073009308,62038.0,0.0,0.4535164579451375,False,False,TN
06073009400,698.0,1.0,-0.247225361433311,True,True,TP
06073009502,108469.0,0.0,-0.6376067458361325,False,False,TN
06073009505,659.0,1.0,-0.3452159715527154,True,True,TP
06073009506,2098.0,0.999875,-0.6147783199144157,True,True,TP
06073009507,733.0,1.0,-0.3212876753377001,True,True,TP
06073009509,12701.0,0.0,-0.0386954775499185,False,False,TN
06073009510,1816.0,0.99975,0.3850264884583687,True,True,TP
06073009511,5533.0,0.01171875,0.1445946653763883,False,False,TN
06073009602,12404.0,0.0,-0.6513028789841887,False,False,TN
06073009603,41866.0,0.0,0.8425620433808115,False,False,TN
06073009604,12404.0,0.0,0.0590164564688962,False,False,TN
06073009703,8971.0,0.0,-0.4328808823353495,False,False,TN
06073009704,3239.0,0.99528125,-0.1087675787794107,True,True,TP
06073009705,3486.0,0.99028125,-0.5951862997711812,True,True,TP
06073009706,2629.0,0.9995625,-0.225027830996964,True,True,TP
06073009801,8960.0,9.375e-05,-0.3321784066576881,False,False,TN
06073009802,16822.0,0.0,0.1194425578956844,False,False,TN
06073009804,4080.0,0.877,-0.4697618175258455,True,True,TP
06073009805,405.0,1.0,-0.1986965729247281,True,True,TP
06073009901,362.0,1.0,-0.5236682336308077,True,True,TP
06073009902,4659.0,0.37075,0.0,False,False,TN
06073010001,14764.0,0.0,-0.0309601657222379,False,False,TN
06073010003,3789.0,0.9639375,0.2111664434719952,True,True,TP
06073010004,4312.0,0.68959375,-0.0891150675051168,True,True,TP
06073010005,5571.0,0.00659375,1.7482325491284785,False,False,TN
06073010009,4134.0,0.845375,0.4027390851103118,True,True,TP
06073010010,8411.0,3.125e-05,0.789888497901342,False,False,TN
06073010011,8026.0,9.375e-05,-0.2230097134999073,False,False,TN
06073010012,7794.0,0.00021875,0.5488821703308058,False,False,TN
06073010013,7165.0,0.0003125,0.5459329137142824,False,False,TN
06073010015,12800.0,0.0,-0.4354881846691845,False,False,TN
06073010016,3076.0,0.99903125,-0.5236682336308077,True,True,TP
06073010017,2288.0,0.998625,-0.1394989525591674,True,True,TP
06073010018,2288.0,0.999625,-0.5908266039180824,True,True,TP
06073010019,549.0,1.0,-0.5169517148073975,True,True,TP
06073010103,3780.0,0.967625,1.2548984739588442,True,True,TP
06073010104,1721.0,0.99996875,-0.1286864361683089,True,True,TP
06073010106,8077.0,0.000125,1.4659128319758503,False,False,TN
06073010107,9502.0,0.00021875,-0.1022537305925205,False,False,TN
06073010109,893.0,1.0,-0.1997638526127572,True,True,TP
06073010110,4116.0,0.8479375,0.863940947096081,True,True,TP
06073010111,9061.0,0.000125,0.6414534088844978,False,False,TN
06073010112,4004.0,0.9021875,1.1293577081466502,True,True,TP
06073010201,623.0,1.0,0.9481295092068492,True,True,TP
06073010202,3780.0,0.965375,0.0370609090444649,True,True,TP
06073010300,4545.0,0.3590625,0.9285440407741652,False,False,TN
06073010401,5038.0,0.048375,0.1932213819686732,False,False,TN
06073010402,4860.0,0.09484375,1.011063454087669,False,False,TN
06073010501,3780.0,0.96778125,-0.1252479150110548,True,True,TP
06073010502,4273.0,0.70915625,0.849586431717221,True,True,TP
06073010601,310.0,1.0,-1.0614093515217984,True,True,TP
06073010800,5815.0,0.00553125,-0.331364850442566,False,False,TN
06073010900,5483.0,0.015375,-0.933653095564708,False,False,TN
06073011000,5815.0,0.004875,-0.2969312095542413,False,False,TN
06073011100,5815.0,0.004875,-0.0556132765123359,False,False,TN
06073011300,5231.0,0.041,-0.8783145859473563,False,False,TN
06073011601,24985.0,0.0,0.740991996317018,False,False,TN
06073011602,24354.0,0.0,0.82144158401477,False,False,TN
06073011700,24350.0,0.0,1.1786312910930334,False,False,TN
06073011801,25659.0,0.0,1.06499459160533,False,False,TN
06073011802,16627.0,0.0,0.7701920656149083,False,False,TN
06073011902,13565.0,0.0,0.6966612055523481,False,False,TN
06073012002,13127.0,0.0,2.178628191165715,False,False,TN
06073012003,12080.0,0.0,0.0282807418794155,False,False,TN
06073012101,15179.0,0.0,0.3201962119980954,False,False,TN
06073012102,14046.0,0.0,0.8568527050276109,False,False,TN
06073012200,7842.0,0.000125,0.5562854105649757,False,False,TN
06073012302,20274.0,0.0,1.712331055532892,False,False,TN
06073012303,13928.0,0.0,0.713832338095772,False,False,TN
06073012304,18066.0,0.0,0.4035546868615536,False,False,TN
06073012401,17760.0,0.0,0.183100792657309,False,False,TN
06073012402,19641.0,0.0,0.6499977356884921,False,False,TN
06073012501,25547.0,0.0,1.9711206320553287,False,False,TN
06073012502,9041.0,0.000125,0.7084391150634978,False,False,TN
06073012600,13019.0,0.0,0.475317189961545,False,False,TN
06073012700,27763.0,0.0,1.0294136680334882,False,False,TN
06073012800,20159.0,0.0,0.3600706178165711,False,False,TN
06073012900,20615.0,0.0,-0.24004026942706,False,False,TN
06073013000,25517.0,0.0,0.6867730795167798,False,False,TN
06073013102,20286.0,0.0,0.4924112008364218,False,False,TN
06073013103,22413.0,0.0,0.5883439119045519,False,False,TN
06073013104,24406.0,0.0,0.5831582027549915,False,False,TN
06073013203,19099.0,0.0,1.244196682357928,False,False,TN
06073013204,14537.0,0.0,0.4963454576806509,False,False,TN
06073013205,12942.0,3.125e-05,0.494976978672007,False,False,TN
06073013206,17349.0,0.0,1.3078145143875972,False,False,TN
06073013301,11876.0,0.0,0.0302299952995572,False,False,TN
06073013302,11023.0,0.0,-0.1718510710794364,False,False,TN
06073013303,10946.0,3.125e-05,0.2404211160702324,False,False,TN
06073013306,4402.0,0.567,0.3267956364116827,True,True,TP
06073013307,925.0,1.0,0.6121646985981926,True,True,TP
06073013308,5946.0,0.00403125,0.0786802280575917,False,False,TN
06073013309,10364.0,6.25e-05,-0.5858356997721289,False,False,TN
06073013312,6440.0,0.00128125,0.4408384422328084,False,False,TN
06073013315,8149.0,0.00015625,-0.4184011017697265,False,False,TN
06073013316,10441.0,0.0,-0.4526389172723733,False,False,TN
06073013317,4467.0,0.49978125,-0.4757439915294281,True,False,FP
06073013318,7963.0,0.00015625,-0.6942509557251677,False,False,TN
06073013319,5688.0,0.00915625,-0.4443210695475888,False,False,TN
06073013320,136.0,0.99996875,-0.4090360707420991,True,True,TP
06073013321,4736.0,0.18875,-0.4280556418546267,False,False,TN
06073013322,7648.0,0.0005625,-0.9743829013259124,False,False,TN
06073013323,5668.0,0.0091875,-0.8123337134235878,False,False,TN
06073013324,5461.0,0.0130625,-0.6604257501911861,False,False,TN
06073013325,6286.0,0.00171875,0.3590157259526856,False,False,TN
06073013326,9050.0,9.375e-05,-1.0578123052297332,False,False,TN
06073013327,7220.0,0.0001875,-0.1551772953072747,False,False,TN
06073013401,13009.0,0.0,-0.4050124068662324,False,False,TN
06073013409,11662.0,3.125e-05,-0.2661536372552042,False,False,TN
06073013411,3200.0,0.9964375,-0.6658585014237673,True,True,TP
06073013412,6976.0,0.00103125,-0.3723106065078605,False,False,TN
06073013414,10665.0,3.125e-05,-0.3703409510184549,False,False,TN
06073013415,7138.0,0.000875,-0.7586068985789111,False,False,TN
06073013416,4723.0,0.203,-0.5571530847711564,False,False,TN
06073013417,6526.0,0.00178125,-0.6186156911987125,False,False,TN
06073013418,9646.0,3.125e-05,0.3245680449637392,False,False,TN
06073013420,6875.0,0.00103125,-0.1537957845856626,False,False,TN
06073013421,7910.0,0.00015625,-0.4668753284260155,False,False,TN
06073013422,949.0,1.0,-0.6342239823182487,True,True,TP
06073013423,178.0,1.0,-0.5916791264801161,True,True,TP
06073013424,8305.0,6.25e-05,-0.7768484882870424,False,False,TN
06073013425,5542.0,0.01434375,-1.05250743222512,False,False,TN
06073013503,3700.0,0.9765,0.1213423618252318,True,True,TP
06073013504,2408.0,0.99953125,-0.6377479297244611,True,True,TP
06073013505,4208.0,0.79021875,0.1072896174262101,True,True,TP
06073013506,1649.0,0.99990625,0.0785676270225487,True,True,TP
06073013601,3334.0,0.99365625,0.1080756399289191,True,True,TP
06073013604,2165.0,0.999875,-0.2073476916739647,True,True,TP
06073013605,2540.0,0.9994375,-0.696758417240488,True,True,TP
06073013607,4012.0,0.91559375,-0.0185375208672137,True,True,TP
06073013608,3683.0,0.9735625,1.301076935118725,True,True,TP
06073013701,6399.0,0.00171875,0.2254371234249152,False,False,TN
06073013702,10450.0,3.125e-05,-0.0094160918945048,False,False,TN
06073013801,10301.0,0.0,0.8484483295513486,False,False,TN
06073013802,8743.0,6.25e-05,0.2681715865296701,False,False,TN
06073013903,2969.0,0.99821875,-0.0374713519008668,True,True,TP
06073013905,4607.0,0.31325,-0.5517812985017226,False,False,TN
06073013906,5077.0,0.04653125,0.9907194372059428,False,False,TN
06073013907,4180.0,0.80703125,0.759057382672684,True,True,TP
06073013908,4457.0,0.48365625,0.2512046223520925,True,False,FP
06073013909,2833.0,0.99796875,0.1310163528645237,True,True,TP
06073014001,9085.0,9.375e-05,0.3460734112574626,False,False,TN
06073014002,10517.0,6.25e-05,0.4445408932407501,False,False,TN
06073014101,7897.0,9.375e-05,-0.0920898069681972,False,False,TN
06073014102,4247.0,0.74890625,0.1603952856387773,True,True,TP
06073014200,8402.0,0.00015625,-0.0409172061192856,False,False,TN
06073014300,8544.0,6.25e-05,0.2171949037373778,False,False,TN
06073014400,14305.0,0.0,1.2870415559639583,False,False,TN
06073014500,17894.0,0.0,0.2804126477842178,False,False,TN
06073014601,19726.0,0.0,1.4322255009495288,False,False,TN
06073014602,14008.0,0.0,-0.4852283546574503,False,False,TN
06073014701,23839.0,0.0,0.224066236665076,False,False,TN
06073014702,19726.0,0.0,-0.2344955751996298,False,False,TN
06073014803,23027.0,0.0,0.836729538977782,False,False,TN
06073014804,24228.0,0.0,0.1545046256592221,False,False,TN
06073014805,12836.0,0.0,0.373656241556191,False,False,TN
06073014806,18980.0,0.0,1.7031426278504078,False,False,TN
06073014901,21846.0,0.0,0.5513445724253406,False,False,TN
06073014902,23318.0,0.0,0.6153118105030085,False,False,TN
06073015001,17551.0,0.0,0.991760484790771,False,False,TN
06073015002,19695.0,0.0,1.3737802554344858,False,False,TN
06073015100,13681.0,0.0,-0.1611374187288977,False,False,TN
06073015200,11373.0,9.375e-05,-0.7550886123723348,False,False,TN
06073015301,15554.0,0.0,1.2622323184885635,False,False,TN
06073015302,6660.0,0.001125,-0.3057462192411356,False,False,TN
06073015403,3058.0,0.99809375,-0.7109211394782168,True,True,TP
06073015405,276.0,1.0,-0.4603794864378299,True,True,TP
06073015406,208.0,1.0,-0.6067528265136214,True,True,TP
06073015407,15003.0,0.0,1.7308304317743184,False,False,TN
06073015408,3058.0,0.9985,-0.0006149076544439,True,True,TP
06073015501,1411.0,1.0,-0.3644676746291842,True,True,TP
06073015502,2782.0,0.99946875,-0.416784142761808,True,True,TP
06073015601,14687.0,0.0,0.7630058195122041,False,False,TN
06073015602,2223.0,0.99996875,-0.1146100140432484,True,True,TP
06073015701,17702.0,0.0,1.8921617128475516,False,False,TN
06073015704,16374.0,0.0,1.2602012941591825,False,False,TN
06073015705,16380.0,0.0,0.8167291168562051,False,False,TN
06073015706,16280.0,0.0,2.0441625413794973,False,False,TN
06073015801,33514.0,0.0,1.5315309128036578,False,False,TN
06073015802,33872.0,0.0,1.3147286951038497,False,False,TN
06073015901,31581.0,6.25e-05,1.601722001496528,False,False,TN
06073015902,29325.0,0.0,1.5623835838708733,False,False,TN
06073016000,18424.0,6.25e-05,0.6025788828899947,False,False,TN
06073016100,23559.0,0.0,-0.2209396495088069,False,False,TN
06073016201,19237.0,0.0,-0.3382445316645566,False,False,TN
06073016202,30438.0,0.0,0.9693094942072786,False,False,TN
06073016301,32035.0,0.0,1.4699946024291126,False,False,TN
06073016302,33652.0,0.0,1.2748493159196144,False,False,TN
06073016401,9461.0,3.125e-05,0.0007711493713854,False,False,TN
06073016403,2599.0,0.999625,0.5169589370936247,True,True,TP
06073016404,11950.0,0.0,1.7826186882910848,False,False,TN
06073016502,25544.0,0.0,0.9799097763752442,False,False,TN
06073016503,22357.0,0.0,0.0067644456029936,False,False,TN
06073016504,31276.0,0.0,1.3668193187074669,False,False,TN
06073016606,5939.0,0.00509375,-0.5462945062989256,False,False,TN
06073016607,10705.0,0.0,-0.279681910576265,False,False,TN
06073016608,5456.0,0.01525,-0.2747826600925336,False,False,TN
06073016609,1117.0,1.0,-0.1673953403666839,True,True,TP
06073016610,11075.0,0.0,0.3188217599351985,False,False,TN
06073016613,6641.0,0.00109375,-0.4441754897742713,False,False,TN
06073016614,13902.0,9.375e-05,0.2145126677635442,False,False,TN
06073016615,10855.0,3.125e-05,-0.3309247795888757,False,False,TN
06073016616,9638.0,0.0,-0.0066040330777445,False,False,TN
06073016617,13867.0,0.0,1.6332731151919184,False,False,TN
06073016618,405.0,0.99771875,-0.1848497943957825,True,True,TP
06073016619,4378.0,0.61303125,0.2822476127506625,True,True,TP
06073016620,6457.0,0.0018125,-0.1922334340573847,False,False,TN
06073016621,3655.0,0.98290625,-0.3309521700266726,True,True,TP
06073016703,5271.0,0.0256875,-0.1744987885351011,False,False,TN
06073016704,412.0,1.0,-0.1666813967325826,True,True,TP
06073016705,5529.0,0.00846875,0.6579170538723962,False,False,TN
06073016706,3094.0,0.99725,0.5588419435513551,True,True,TP
06073016804,3806.0,0.961625,0.2822034322060181,True,True,TP
06073016806,5234.0,0.02734375,0.283347802114306,False,False,TN
06073016807,843.0,1.0,-0.1242305862556885,True,True,TP
06073016809,1137.0,0.9999375,0.7706394427055621,True,True,TP
06073016810,2064.0,0.99990625,-0.5151637120896008,True,True,TP
06073016811,712.0,1.0,-0.0611581605350981,True,True,TP
06073016812,950.0,1.0,0.5394228101475349,True,True,TP
06073016813,260.0,1.0,-0.0140039184687859,True,True,TP
06073016901,2571.0,0.9991875,-0.2117876031814531,True,True,TP
06073016902,1888.0,0.99996875,-0.173575413070717,True,True,TP
06073017006,4096.0,0.87971875,-0.6742525658875341,True,True,TP
06073017009,2372.0,0.99965625,-0.3039780824040523,True,True,TP
06073017010,223.0,1.0,-1.1050237344476292,True,True,TP
06073017014,6420.0,0.0014375,1.0840638107956064,False,False,TN
06073017018,12001.0,0.0,-0.039456335130557,False,False,TN
06073017020,356.0,1.0,-0.7797609387928404,True,True,TP
06073017021,253.0,1.0,-0.946724581289545,True,True,TP
06073017022,15830.0,0.0,-0.3744746091479123,False,False,TN
06073017031,4471.0,0.477125,-0.6634904580306938,False,False,TN
06073017033,578.0,1.0,-0.905696051577892,True,True,TP
06073017034,13662.0,0.0,-0.4361109961136871,False,False,TN
06073017035,13478.0,0.0,0.5112256329603836,False,False,TN
06073017036,5784.0,0.005,-0.414044510446814,False,False,TN
06073017037,1879.0,0.99975,-0.2074390103382829,True,True,TP
06073017039,16681.0,0.00096875,-0.2949077523529294,False,False,TN
06073017040,8860.0,0.00046875,-0.5695964393914469,False,False,TN
06073017041,4292.0,0.71934375,-0.6791658258692354,True,True,TP
06073017043,3395.0,0.9930625,-0.7896012683622402,True,True,TP
06073017044,4371.0,0.61646875,-1.0560160648228156,True,True,TP
06073017045,4551.0,0.3924375,-1.338082440507062,False,False,TN
06073017046,3613.0,0.985875,-0.879154538632851,True,True,TP
06073017047,10305.0,9.375e-05,-0.9993616840236552,False,False,TN
06073017048,26194.0,0.0,0.0539620975986151,False,False,TN
06073017049,24375.0,0.0,0.1094565783484378,False,False,TN
06073017050,15727.0,0.0,0.1427511921001069,False,False,TN
06073017051,19176.0,0.0,-0.4835676728529923,False,False,TN
06073017052,4568.0,0.351125,-0.3474992763935903,False,False,TN
06073017053,315.0,1.0,-1.263306414081108,True,True,TP
06073017054,3011.0,0.998375,-0.5728276018907468,True,True,TP
06073017055,18765.0,0.0,-0.8229135681494771,False,False,TN
06073017056,18320.0,0.0,0.078609783690801,False,False,TN
06073017057,4483.0,0.47584375,-0.7305858693136492,False,False,TN
06073017058,5264.0,0.023125,-0.5139061588419717,False,False,TN
06073017059,3777.0,0.9669375,0.173702447949139,True,True,TP
06073017060,1283.0,1.0,-0.0918491613084003,True,True,TP
06073017061,2289.0,0.99971875,-0.3260487373764227,True,True,TP
06073017062,1181.0,1.0,-1.4566319352341128,True,True,TP
06073017063,1404.0,0.99996875,-0.3331167423083012,True,True,TP
06073017064,22796.0,0.0,-1.2173349478898543,False,False,TN
06073017065,3800.0,0.9639375,-0.9403079765113778,True,True,TP
06073017066,532.0,1.0,-0.7607785143181669,True,True,TP
06073017067,5441.0,0.0150625,-0.9383274507289856,False,False,TN
06073017068,4898.0,0.1018125,-0.5212913746852169,False,False,TN
06073017069,25377.0,0.0,-0.9813042739718671,False,False,TN
06073017070,22980.0,0.0,-0.8711906467544731,False,False,TN
06073017071,22003.0,0.0,-1.1234208374118788,False,False,TN
06073017104,6471.0,0.0015625,-0.2871714216699007,False,False,TN
06073017106,2019.0,0.99996875,-1.4013116350124744,True,True,TP
06073017107,7406.0,0.0005625,-1.0272033705482837,False,False,TN
06073017108,7816.0,0.000125,-0.545293116709581,False,False,TN
06073017109,2677.0,0.99940625,-1.481225150046203,True,True,TP
06073017111,1115.0,1.0,-1.1383090724314997,True,True,TP
06073017112,657.0,1.0,-1.0214166463276977,True,True,TP
06073017113,1951.0,0.9996875,-0.5845011634328426,True,True,TP
06073017201,6071.0,0.00428125,-0.9669826816854868,False,False,TN
06073017202,8821.0,0.00021875,-0.9640627150143716,False,False,TN
06073017303,12582.0,0.0,-0.3710328829870737,False,False,TN
06073017305,4575.0,0.36465625,-0.7155740286829727,False,False,TN
06073017306,4575.0,0.37521875,-1.414054116647962,False,False,TN
06073017307,17130.0,0.0,-0.0482729632768045,False,False,TN
06073017308,9952.0,6.25e-05,0.3882499554834295,False,False,TN
06073017403,3593.0,0.98634375,-0.622134613591613,True,True,TP
06073017405,11827.0,6.25e-05,0.6387992037561676,False,False,TN
06073017406,5303.0,0.02559375,-0.2961116315113577,False,False,TN
06073017407,14268.0,0.0,-0.9600374777900084,False,False,TN
06073017408,14897.0,0.0,-0.2997808200299446,False,False,TN
06073017501,29577.0,3.125e-05,-0.2856280812116785,False,False,TN
06073017502,18841.0,0.0,-0.1825410983925448,False,False,TN
06073017601,4151.0,0.84928125,-0.4595465467000523,True,True,TP
06073017603,12248.0,9.375e-05,-0.9714649996958736,False,False,TN
06073017605,16204.0,0.0,-0.0078204351425452,False,False,TN
06073017606,28136.0,0.0,0.0306516646163866,False,False,TN
06073017701,7314.0,0.00053125,0.1842613535899605,False,False,TN
06073017702,20756.0,0.0,-0.5073923152165641,False,False,TN
06073017801,33592.0,0.0,0.1150220623094308,False,False,TN
06073017808,910.0,1.0,-0.6550195752620999,True,True,TP
06073017809,22579.0,0.0,-0.3701844853837617,False,False,TN
06073017810,17037.0,0.0,-0.5686949580129502,False,False,TN
06073017811,13609.0,0.0,-0.7489263772683646,False,False,TN
06073017813,12002.0,0.0,-0.172031602745962,False,False,TN
06073017901,24356.0,0.0,0.7660309608436849,False,False,TN
06073017902,16996.0,0.0,0.7213306695116355,False,False,TN
06073018000,20132.0,0.0,0.0154442174575054,False,False,TN
06073018101,21982.0,0.0,-0.1750219104428535,False,False,TN
06073018102,29049.0,0.0,0.0305159945774371,False,False,TN
06073018201,27537.0,0.0,0.6591367935212527,False,False,TN
06073018202,25845.0,0.0,0.3627611114252775,False,False,TN
06073018301,17629.0,0.0,0.1843407028901118,False,False,TN
06073018302,21161.0,0.0,0.5259934620859369,False,False,TN
06073018400,18162.0,0.0,1.532562634656695,False,False,TN
06073018504,19253.0,0.0,-0.1258270884614099,False,False,TN
06073018509,17847.0,0.0,1.5096230720326662,False,False,TN
06073018510,14450.0,0.0,1.047766164660012,False,False,TN
06073018511,23777.0,0.0,0.6809564514407653,False,False,TN
06073018512,4034.0,0.89421875,0.9080938659588432,True,True,TP
06073018515,5270.0,0.02471875,-0.1725864238392452,False,False,TN
06073018516,7497.0,0.00021875,-0.1853401079977682,False,False,TN
06073018517,20838.0,0.0,0.0377220139944597,False,False,TN
06073018518,12790.0,0.0,-0.0812798379368177,False,False,TN
06073018519,22422.0,0.0,0.0156224971930859,False,False,TN
06073018520,3382.0,0.99103125,-0.1169964979854437,True,True,TP
06073018521,8248.0,9.375e-05,-0.0697602536303659,False,False,TN
06073018522,12456.0,0.00121875,-0.4218228219951145,False,False,TN
06073018523,10736.0,0.0,-0.0887641404133444,False,False,TN
06073018524,3425.0,0.98975,0.5820532628250312,True,True,TP
06073018525,3081.0,0.998125,-0.7566294817611577,True,True,TP
06073018601,6742.0,0.00109375,-0.4272341063379254,False,False,TN
06073018608,2816.0,0.99940625,-0.5129418354809664,True,True,TP
06073018609,5225.0,0.02428125,0.5817868628234631,False,False,TN
06073018612,891.0,1.0,-0.336870439328275,True,True,TP
06073018613,5352.0,0.01896875,-0.0465009106201064,False,False,TN
06073018615,12122.0,0.0,0.1305478156868749,False,False,TN
06073018616,14027.0,0.0,0.8850248588315551,False,False,TN
06073018617,658.0,1.0,-0.4122079268151675,True,True,TP
06073018618,7118.0,0.00065625,0.5009206565230607,False,False,TN
06073018619,790.0,1.0,-0.9883242621892796,True,True,TP
06073018620,2435.0,0.9991875,-0.0490766808908429,True,True,TP
06073018621,14359.0,9.375e-05,-0.1911665003430574,False,False,TN
06073018622,10235.0,3.125e-05,1.015854084223262,False,False,TN
06073018801,1596.0,1.0,0.0032598846848215,True,True,TP
06073018803,1135.0,1.0,0.2747439958217415,True,True,TP
06073018804,908.0,1.0,-0.2971572875733976,True,True,TP
06073018805,344.0,1.0,-0.4177452334190393,True,True,TP
06073018906,1596.0,1.0,0.330553659620997,True,True,TP
06073019103,961.0,1.0,-0.1647424495857726,True,True,TP
06073019105,607.0,1.0,-0.1312106765155063,True,True,TP
06073019107,101.0,1.0,-0.4508803612042829,True,True,TP
06073019108,2317.0,1.0,0.0844399915551222,True,True,TP
06073019109,569.0,1.0,-0.1112274289256591,True,True,TP
06073019110,2063.0,0.99984375,-0.3774495662246897,True,True,TP
06073019111,2189.0,0.9999375,-0.1966638851774264,True,True,TP
06073019203,3190.0,0.99715625,-0.4889919818401322,True,True,TP
06073019205,4276.0,0.719625,0.4389224731493454,True,True,TP
06073019206,11780.0,6.25e-05,-0.0544659988350227,False,False,TN
06073019208,2786.0,0.99928125,-0.2692878445284743,True,True,TP
06073019209,401.0,1.0,-0.0429623816619142,True,True,TP
06073019210,6597.0,0.0015,0.3630715577608301,False,False,TN
06073019301,2442.0,0.9991875,-0.2345578507404871,True,True,TP
06073019303,3708.0,0.978125,-0.4176002406779028,True,True,TP
06073019304,15463.0,0.0,-0.2652883546875905,False,False,TN
06073019305,12931.0,0.0,0.1912295180727379,False,False,TN
06073019403,7102.0,0.00078125,-0.1357725764838096,False,False,TN
06073019404,10640.0,3.125e-05,0.6943509766699147,False,False,TN
06073019405,16568.0,0.0,0.1530387720382136,False,False,TN
06073019406,14284.0,0.0,0.3768873561563641,False,False,TN
06073019501,19084.0,0.0,0.622499410121982,False,False,TN
06073019502,19321.0,0.0,0.9306998699655596,False,False,TN
06073019503,35565.0,0.0,0.2525451119166993,False,False,TN
06073019601,6471.0,0.00215625,-0.0759221170113187,False,False,TN
06073019602,6440.0,0.00125,0.3390332183186925,False,False,TN
06073019701,6486.0,0.00234375,0.0497752546767696,False,False,TN
06073019702,7947.0,0.00090625,-0.0531396415825916,False,False,TN
06073019803,8092.0,0.00028125,0.6452988664204606,False,False,TN
06073019804,18621.0,0.0,-0.6622353058179986,False,False,TN
06073019805,12059.0,0.0,0.4207069655303098,False,False,TN
06073019808,1394.0,1.0,-0.2251868008373201,True,True,TP
06073019809,17659.0,0.00015625,-0.4610048976767402,False,False,TN
06073019810,12765.0,0.0,0.4596310047830312,False,False,TN
06073019811,41602.0,0.0,-0.2581159713001336,False,False,TN
06073019902,20795.0,0.0,0.0928930984687387,False,False,TN
06073019903,13075.0,0.00021875,-0.278144985919744,False,False,TN
06073019904,16678.0,0.0,-0.0606395339693788,False,False,TN
06073019905,16128.0,0.0,-0.4109738715005003,False,False,TN
06073020015,2459.0,0.99915625,-0.902736356970334,True,True,TP
06073020017,19056.0,0.0,0.6025591519282395,False,False,TN
06073020019,26710.0,0.0,0.8187835599807184,False,False,TN
06073020021,26146.0,0.0,0.2469629219220614,False,False,TN
06073020023,47882.0,0.0,-0.2840041423063438,False,False,TN
06073020024,11304.0,0.0,0.542331434181011,False,False,TN
06073020025,37824.0,0.0,0.2604902762175709,False,False,TN
06073020026,19783.0,0.0,-0.5059204007214118,False,False,TN
06073020028,31237.0,0.0,1.0619939756989654,False,False,TN
06073020029,23780.0,0.0,1.052070740969431,False,False,TN
06073020030,15429.0,0.0,-0.2706234127133404,False,False,TN
06073020031,5785.0,0.00646875,-0.1881411257682056,False,False,TN
06073020032,874.0,1.0,-0.7697781173956778,True,True,TP
06073020033,874.0,0.9999375,-0.109727056774936,True,True,TP
06073020034,12425.0,3.125e-05,-1.485189577174418,False,False,TN
06073020035,5367.0,0.02215625,-0.9079241540300405,False,False,TN
06073020036,40920.0,0.0,0.7580978904472889,False,False,TN
06073020037,31524.0,0.0,-0.0597166699139834,False,False,TN
06073020038,2702.0,0.99925,-0.5937048304657908,True,True,TP
06073020039,16778.0,3.125e-05,-0.660112639527198,False,False,TN
06073020040,7811.0,9.375e-05,0.0231199104148337,False,False,TN
06073020041,10442.0,0.0,0.0284117912043191,False,False,TN
06073020042,3044.0,0.99803125,-0.1854077364325528,True,True,TP
06073020043,926.0,0.99828125,-0.5658681181843846,True,True,TP
06073020044,926.0,1.0,-0.9434716358370993,True,True,TP
06073020105,8532.0,9.375e-05,0.1558454579923403,False,False,TN
06073020106,1903.0,0.9999375,0.4055308373533982,True,True,TP
06073020107,11721.0,0.0,0.3745765726908069,False,False,TN
06073020108,23950.0,0.0,0.6665715608997971,False,False,TN
06073020109,14329.0,0.0,0.0858213428513369,False,False,TN
06073020110,1032.0,0.99996875,-0.2733158498861672,True,True,TP
06073020111,383.0,1.0,-0.8151239333214834,True,True,TP
06073020202,21927.0,0.0,1.212977316888497,False,False,TN
06073020206,20518.0,0.0,0.3746779877334991,False,False,TN
06073020207,13881.0,0.0,1.4863848751941362,False,False,TN
06073020208,14753.0,0.0,-0.1000352477385777,False,False,TN
06073020209,14478.0,0.0,1.1813643477650295,False,False,TN
06073020210,13018.0,0.0,0.5896597079413596,False,False,TN
06073020211,20518.0,0.0,1.0811583902166892,False,False,TN
06073020213,21812.0,0.0,1.6031837121691843,False,False,TN
06073020214,42734.0,0.0,2.2219274764399106,False,False,TN
06073020304,1755.0,1.0,-0.6704600743109844,True,True,TP
06073020305,6159.0,0.002875,0.1876514849977034,False,False,TN
06073020308,12420.0,0.0,1.3428595693013794,False,False,TN
06073020309,10727.0,0.0,-0.1870886111861243,False,False,TN
06073020310,5369.0,0.01971875,-0.3255742466594777,False,False,TN
06073020311,3626.0,0.985625,0.4134689618151613,True,True,TP
06073020312,76.0,1.0,-0.1452031933616605,True,True,TP
06073020313,31909.0,0.0,1.0942491755992714,False,False,TN
06073020401,1460.0,1.0,-0.7313882399671675,True,True,TP
06073020403,13142.0,0.0,-0.1734409185511822,False,False,TN
06073020404,9223.0,0.000125,-0.1110867713890562,False,False,TN
06073020405,3720.0,0.981125,-0.7051323095616033,True,True,TP
06073020500,41228.0,0.0,0.4759930570567758,False,False,TN
06073020601,23482.0,0.0,0.671004108320032,False,False,TN
06073020602,21652.0,0.0,0.9552689950090524,False,False,TN
06073020705,7386.0,0.00090625,-0.2889915537959109,False,False,TN
06073020706,2245.0,0.99971875,-0.6754050174062923,True,True,TP
06073020707,20484.0,0.0,0.6178580766360569,False,False,TN
06073020708,4067.0,0.89625,-0.5439930050172767,True,True,TP
06073020710,513.0,1.0,0.0285199576068243,True,True,TP
06073020711,380.0,1.0,-0.4336397282953312,True,True,TP
06073020712,1766.0,1.0,-0.3533847134003454,True,True,TP
06073020801,644.0,1.0,-0.6141164111333063,True,True,TP
06073020805,2162.0,0.99959375,-0.1549386970102718,True,True,TP
06073020806,2727.0,0.99921875,0.4642239953428052,True,True,TP
06073020807,415.0,1.0,-0.2688099521128949,True,True,TP
06073020810,696.0,1.0,-0.6801822568533825,True,True,TP
06073020811,696.0,1.0,-0.5861955438654736,True,True,TP
06073020812,2243.0,0.99990625,0.082665208879662,True,True,TP
06073020813,1099.0,1.0,-0.3954539936014458,True,True,TP
06073021204,613.0,1.0,-0.3724339174938076,True,True,TP
06073021205,2084.0,0.99940625,0.3946626193551303,True,True,TP
06073021206,490.0,1.0,-0.4876762488189958,True,True,TP
06073021304,1585.0,1.0,-0.7883557152318397,True,True,TP
06073021305,1410.0,1.0,-0.5145283488024215,True,True,TP
06073021306,396.0,1.0,-0.488325236885117,True,True,TP
06073021401,35288.0,0.0,0.0193018302756929,False,False,TN
06073021402,18347.0,0.0,0.3665031465599463,False,False,TN
06073021501,2972.0,0.9973125,-1.5277213243096492,True,True,TP
06073021502,1861.0,0.99990625,-0.5325086553349447,True,True,TP
06073021600,1260.0,1.0,-0.0425764046052134,True,True,TP
06073021800,5815.0,0.007125,-1.136262055845597,False,False,TN
06073021900,15672.0,3.125e-05,1.1300792654498106,False,False,TN
06073022000,12154.0,0.0,0.5591400495034883,False,False,TN
06073022101,33681.0,0.0,-0.7972899879189118,False,False,TN
06073022102,16471.0,0.0,-0.4270187345033209,False,False,TN
