GEOID,baseline_exceedance,exceedance_prob_scenario_A,exceedance_prob_scenario_B,exceedance_prob_delta_A,exceedance_prob_delta_B,exceedance_delta_A_ci_lower,exceedance_delta_A_ci_upper,exceedance_delta_B_ci_lower,exceedance_delta_B_ci_upper,prob_improve_A,prob_improve_B,targeted_by_A,targeted_by_B,crossed_threshold_A,crossed_threshold_B
06073000100,0.0,0.0,0.0,0.0,0.0,0.0,0.0,0.0,0.0,0.0,0.0,False,False,False,False
06073000201,0.0,0.0,0.0,0.0,0.0,0.0,0.0,0.0,0.0,0.0,0.0,False,False,False,False
06073000202,0.0,0.0,0.0,0.0,0.0,0.0,0.0,0.0,0.0,0.0,0.0,False,False,False,False
06073000301,0.0,0.0,0.0,0.0,0.0,0.0,0.0,0.0,0.0,0.0,0.0,False,False,False,False
06073000302,0.0,0.0,0.0,0.0,0.0,0.0,0.0,0.0,0.0,0.0,0.0,False,False,False,False
06073000400,0.0,0.0,0.0,0.0,0.0,0.0,0.0,0.0,0.0,0.0,0.0,False,False,False,False
06073000500,0.0,0.0,0.0,0.0,0.0,0.0,0.0,0.0,0.0,0.0,0.0,False,False,False,False
06073000600,0.0,0.0,0.0,0.0,0.0,0.0,0.0,0.0,0.0,0.0,0.0,False,False,False,False
06073000700,0.0,0.0,0.0,0.0,0.0,0.0,0.0,0.0,0.0,0.0,0.0,False,False,False,False
06073000800,0.0,0.0,0.0,0.0,0.0,0.0,0.0,0.0,0.0,0.0,0.0,False,False,False,False
06073000901,0.0,0.0,0.0,0.0,0.0,0.0,0.0,0.0,0.0,0.0,0.0,False,False,False,False
06073000902,0.0,0.0,0.0,0.0,0.0,0.0,0.0,0.0,0.0,0.0,0.0,False,False,False,False
06073001000,0.0,0.0,0.0,0.0,0.0,0.0,0.0,0.0,0.0,0.0,0.0,False,False,False,False
06073001100,0.0,0.0,0.0,0.0,0.0,0.0,0.0,0.0,0.0,0.0,0.0,False,False,False,False
06073001201,0.0,0.0,0.0,0.0,0.0,0.0,0.0,0.0,0.0,0.0,0.0,False,False,False,False
06073001202,0.0,0.0,0.0,0.0,0.0,0.0,0.0,0.0,0.0,0.0,0.0,False,False,False,False
06073001301,0.0,0.0,0.0,0.0,0.0,0.0,0.0,0.0,0.0,0.0,0.0,False,False,False,False
06073001302,0.0,0.0,0.0,0.0,0.0,0.0,0.0,0.0,0.0,0.0,0.0,False,False,False,False
06073001400,0.0,0.0,0.0,0.0,0.0,0.0,0.0,0.0,0.0,0.0,0.0,False,False,False,False
06073001500,0.0,0.0,0.0,0.0,0.0,0.0,0.0,0.0,0.0,0.0,0.0,False,False,False,False
06073001600,0.0,0.0,0.0,0.0,0.0,0.0,0.0,0.0,0.0,0.0,0.0,False,False,False,False
06073001700,0.0,0.0,0.0,0.0,0.0,0.0,0.0,0.0,0.0,0.0,0.0,False,False,False,False
06073001801,0.000125,0.000125,0.000125,0.0,0.0,0.0,0.0,0.0,0.0,0.0,0.0,False,False,False,False
06073001802,0.0,0.0,0.0,0.0,0.0,0.0,0.0,0.0,0.0,0.0,0.0,False,False,False,False
06073001900,0.0,0.0,0.0,0.0,0.0,0.0,0.0,0.0,0.0,0.0,0.0,False,False,False,False
06073002001,0.0,0.0,0.0,0.0,0.0,0.0,0.0,0.0,0.0,0.0,0.0,False,False,False,False
06073002002,0.0,0.0,0.0,0.0,0.0,0.0,0.0,0.0,0.0,0.0,0.0,False,False,False,False
06073002100,0.0,0.0,0.0,0.0,0.0,0.0,0.0,0.0,0.0,0.0,0.0,False,False,False,False
06073002201,0.0,0.0,0.0,0.0,0.0,0.0,0.0,0.0,0.0,0.0,0.0,False,False,False,False
06073002202,0.0,0.0,0.0,0.0,0.0,0.0,0.0,0.0,0.0,0.0,0.0,False,False,False,False
06073002301,0.0,0.0,0.0,0.0,0.0,0.0,0.0,0.0,0.0,0.0,0.0,False,False,False,False
06073002302,0.0,0.0,0.0,0.0,0.0,0.0,0.0,0.0,0.0,0.0,0.0,False,False,False,False
06073002401,0.0,0.0,0.0,0.0,0.0,0.0,0.0,0.0,0.0,0.0,0.0,False,False,False,False
06073002402,0.0,0.0,0.0,0.0,0.0,0.0,0.0,0.0,0.0,0.0,0.0,False,False,False,False
06073002501,0.0,0.0,0.0,0.0,0.0,0.0,0.0,0.0,0.0,0.0,0.0,False,False,False,False
06073002502,6.25e-05,6.25e-05,6.25e-05,0.0,0.0,0.0,0.0,0.0,0.0,0.0,0.0,False,False,False,False
06073002601,0.0,0.0,0.0,0.0,0.0,0.0,0.0,0.0,0.0,0.0,0.0,False,False,False,False
06073002602,0.0,0.0,0.0,0.0,0.0,0.0,0.0,0.0,0.0,0.0,0.0,False,False,False,False
06073002702,0.0,0.0,0.0,0.0,0.0,0.0,0.0,0.0,0.0,0.0,0.0,False,False,False,False
06073002703,0.0,0.0,0.0,0.0,0.0,0.0,0.0,0.0,0.0,0.0,0.0,False,False,False,False
06073002705,0.0006875,0.0006875,0.0006875,0.0,0.0,0.0,0.0,0.0,0.0,0.0,0.0,False,False,False,False
06073002707,0.0,0.0,0.0,0.0,0.0,0.0,0.0,0.0,0.0,0.0,0.0,False,False,False,False
06073002708,0.0,0.0,0.0,0.0,0.0,0.0,0.0,0.0,0.0,0.0,0.0,False,False,False,False
06073002709,0.0,0.0,0.0,0.0,0.0,0.0,0.0,0.0,0.0,0.0,0.0,False,False,False,False
06073002710,0.0,0.0,0.0,0.0,0.0,0.0,0.0,0.0,0.0,0.0,0.0,False,False,False,False
06073002711,3.125e-05,3.125e-05,3.125e-05,0.0,0.0,0.0,0.0,0.0,0.0,0.0,0.0,False,False,False,False
06073002712,0.0,0.0,0.0,0.0,0.0,0.0,0.0,0.0,0.0,0.0,0.0,False,False,False,False
06073002801,0.0,0.0,0.0,0.0,0.0,0.0,0.0,0.0,0.0,0.0,0.0,False,False,False,False
06073002803,0.0,0.0,0.0,0.0,0.0,0.0,0.0,0.0,0.0,0.0,0.0,False,False,False,False
06073002804,0.0,0.0,0.0,0.0,0.0,0.0,0.0,0.0,0.0,0.0,0.0,False,False,False,False
06073002902,0.0,0.0,0.0,0.0,0.0,0.0,0.0,0.0,0.0,0.0,0.0,False,False,False,False
06073002903,0.0,0.0,0.0,0.0,0.0,0.0,0.0,0.0,0.0,0.0,0.0,False,False,False,False
06073002904,0.0,0.0,0.0,0.0,0.0,0.0,0.0,0.0,0.0,0.0,0.0,False,False,False,False
06073002905,3.125e-05,3.125e-05,3.125e-05,0.0,0.0,0.0,0.0,0.0,0.0,0.0,0.0,False,False,False,False
06073003001,0.0,0.0,0.0,0.0,0.0,0.0,0.0,0.0,0.0,0.0,0.0,False,False,False,False
06073003003,0.332125,0.332125,0.332125,0.0,0.0,0.0,0.0,0.0,0.0,0.0,0.0,False,False,False,False
06073003004,0.00184375,0.00184375,0.00184375,0.0,0.0,0.0,0.0,0.0,0.0,0.0,0.0,False,False,False,False
06073003101,0.000125,0.000125,0.000125,0.0,0.0,0.0,0.0,0.0,0.0,0.0,0.0,False,False,False,False
06073003103,0.3541875,0.3541875,0.3541875,0.0,0.0,0.0,0.0,0.0,0.0,0.0,0.0,False,False,False,False
06073003105,0.78965625,0.78965625,0.78965625,0.0,0.0,0.0,0.0,0.0,0.0,0.0,0.0,False,False,False,False
06073003107,0.1970625,0.1970625,0.1970625,0.0,0.0,0.0,0.0,0.0,0.0,0.0,0.0,False,False,False,False
06073003108,0.92453125,0.92453125,0.92453125,0.0,0.0,0.0,0.0,0.0,0.0,0.0,0.0,False,False,False,False
06073003109,0.0023125,0.0023125,0.0023125,0.0,0.0,0.0,0.0,0.0,0.0,0.0,0.0,False,False,False,False
06073003111,0.0,0.0,0.0,0.0,0.0,0.0,0.0,0.0,0.0,0.0,0.0,False,False,False,False
06073003112,0.0011875,0.0011875,0.0011875,0.0,0.0,0.0,0.0,0.0,0.0,0.0,0.0,False,False,False,False
06073003113,0.0005625,0.0005625,0.0005625,0.0,0.0,0.0,0.0,0.0,0.0,0.0,0.0,False,False,False,False
06073003114,0.99965625,0.99965625,0.99965625,0.0,0.0,0.0,0.0,0.0,0.0,0.0,0.0,False,False,False,False
06073003115,0.09428125,0.09428125,0.09428125,0.0,0.0,0.0,0.0,0.0,0.0,0.0,0.0,False,False,False,False
06073003201,0.0015625,0.0015625,0.0015625,0.0,0.0,0.0,0.0,0.0,0.0,0.0,0.0,False,False,False,False
06073003202,9.375e-05,9.375e-05,9.375e-05,0.0,0.0,0.0,0.0,0.0,0.0,0.0,0.0,False,False,False,False
06073003204,0.012375,0.012375,0.012375,0.0,0.0,0.0,0.0,0.0,0.0,0.0,0.0,False,False,False,False
06073003207,0.999625,0.9845,0.99684375,-0.015124999999999944,-0.0027812499999999574,-0.016406249999999956,-0.013842968749999934,-0.003375781250000015,-0.002187500000000009,1.0,1.0,False,False,False,False
06073003208,0.99378125,0.99378125,0.99378125,0.0,0.0,0.0,0.0,0.0,0.0,0.0,0.0,False,False,False,False
06073003209,0.99621875,0.99621875,0.99621875,0.0,0.0,0.0,0.0,0.0,0.0,0.0,0.0,False,False,False,False
06073003211,0.82959375,0.82959375,0.82959375,0.0,0.0,0.0,0.0,0.0,0.0,0.0,0.0,False,False,False,False
06073003212,0.002125,0.002125,0.002125,0.0,0.0,0.0,0.0,0.0,0.0,0.0,0.0,False,False,False,False
06073003213,0.97846875,0.97846875,0.97846875,0.0,0.0,0.0,0.0,0.0,0.0,0.0,0.0,False,False,False,False
06073003214,0.988,0.62634375,0.62634375,-0.36165625,-0.36165625,-0.36656328125000004,-0.35615546875,-0.36656328125000004,-0.35615546875,1.0,1.0,False,False,False,False
06073003301,0.0,0.0,0.0,0.0,0.0,0.0,0.0,0.0,0.0,0.0,0.0,False,False,False,False
06073003303,0.0,0.0,0.0,0.0,0.0,0.0,0.0,0.0,0.0,0.0,0.0,False,False,False,False
06073003304,0.0,0.0,0.0,0.0,0.0,0.0,0.0,0.0,0.0,0.0,0.0,False,False,False,False
06073003305,0.0,0.0,0.0,0.0,0.0,0.0,0.0,0.0,0.0,0.0,0.0,False,False,False,False
06073003401,0.0,0.0,0.0,0.0,0.0,0.0,0.0,0.0,0.0,0.0,0.0,False,False,False,False
06073003403,0.0,0.0,0.0,0.0,0.0,0.0,0.0,0.0,0.0,0.0,0.0,False,False,False,False
06073003404,0.0,0.0,0.0,0.0,0.0,0.0,0.0,0.0,0.0,0.0,0.0,False,False,False,False
06073003501,3.125e-05,3.125e-05,3.125e-05,0.0,0.0,0.0,0.0,0.0,0.0,0.0,0.0,False,False,False,False
06073003502,0.0,0.0,0.0,0.0,0.0,0.0,0.0,0.0,0.0,0.0,0.0,False,False,False,False
06073003601,0.0,0.0,0.0,0.0,0.0,0.0,0.0,0.0,0.0,0.0,0.0,False,False,False,False
06073003602,0.0,0.0,0.0,0.0,0.0,0.0,0.0,0.0,0.0,0.0,0.0,False,False,False,False
06073003603,0.0,0.0,0.0,0.0,0.0,0.0,0.0,0.0,0.0,0.0,0.0,False,False,False,False
06073003800,0.08940625,0.08940625,0.08940625,0.0,0.0,0.0,0.0,0.0,0.0,0.0,0.0,False,False,False,False
06073003901,0.0,0.0,0.0,0.0,0.0,0.0,0.0,0.0,0.0,0.0,0.0,False,False,False,False
06073003902,0.0,0.0,0.0,0.0,0.0,0.0,0.0,0.0,0.0,0.0,0.0,False,False,False,False
06073004000,0.0,0.0,0.0,0.0,0.0,0.0,0.0,0.0,0.0,0.0,0.0,False,False,False,False
06073004101,0.0,0.0,0.0,0.0,0.0,0.0,0.0,0.0,0.0,0.0,0.0,False,False,False,False
06073004102,0.0,0.0,0.0,0.0,0.0,0.0,0.0,0.0,0.0,0.0,0.0,False,False,False,False
06073004200,0.0,0.0,0.0,0.0,0.0,0.0,0.0,0.0,0.0,0.0,0.0,False,False,False,False
06073004300,0.0,0.0,0.0,0.0,0.0,0.0,0.0,0.0,0.0,0.0,0.0,False,False,False,False
06073004400,0.0,0.0,0.0,0.0,0.0,0.0,0.0,0.0,0.0,0.0,0.0,False,False,False,False
06073004501,0.0,0.0,0.0,0.0,0.0,0.0,0.0,0.0,0.0,0.0,0.0,False,False,False,False
06073004600,0.0,0.0,0.0,0.0,0.0,0.0,0.0,0.0,0.0,0.0,0.0,False,False,False,False
06073004700,0.0,0.0,0.0,0.0,0.0,0.0,0.0,0.0,0.0,0.0,0.0,False,False,False,False
06073004800,0.0,0.0,0.0,0.0,0.0,0.0,0.0,0.0,0.0,0.0,0.0,False,False,False,False
06073004900,0.0,0.0,0.0,0.0,0.0,0.0,0.0,0.0,0.0,0.0,0.0,False,False,False,False
06073005000,0.0,0.0,0.0,0.0,0.0,0.0,0.0,0.0,0.0,0.0,0.0,False,False,False,False
06073005101,0.0,0.0,0.0,0.0,0.0,0.0,0.0,0.0,0.0,0.0,0.0,False,False,False,False
06073005102,0.0,0.0,0.0,0.0,0.0,0.0,0.0,0.0,0.0,0.0,0.0,False,False,False,False
06073005103,0.0,0.0,0.0,0.0,0.0,0.0,0.0,0.0,0.0,0.0,0.0,False,False,False,False
06073005201,0.0,0.0,0.0,0.0,0.0,0.0,0.0,0.0,0.0,0.0,0.0,False,False,False,False
06073005202,0.0,0.0,0.0,0.0,0.0,0.0,0.0,0.0,0.0,0.0,0.0,False,False,False,False
06073005301,0.0,0.0,0.0,0.0,0.0,0.0,0.0,0.0,0.0,0.0,0.0,False,False,False,False
06073005302,0.0,0.0,0.0,0.0,0.0,0.0,0.0,0.0,0.0,0.0,0.0,False,False,False,False
06073005401,0.0,0.0,0.0,0.0,0.0,0.0,0.0,0.0,0.0,0.0,0.0,False,False,False,False
06073005402,0.0,0.0,0.0,0.0,0.0,0.0,0.0,0.0,0.0,0.0,0.0,False,False,False,False
06073005403,0.0,0.0,0.0,0.0,0.0,0.0,0.0,0.0,0.0,0.0,0.0,False,False,False,False
06073005500,0.0,0.0,0.0,0.0,0.0,0.0,0.0,0.0,0.0,0.0,0.0,False,False,False,False
06073005601,0.0,0.0,0.0,0.0,0.0,0.0,0.0,0.0,0.0,0.0,0.0,False,False,False,False
06073005602,0.0,0.0,0.0,0.0,0.0,0.0,0.0,0.0,0.0,0.0,0.0,False,False,False,False
06073005700,0.0,0.0,0.0,0.0,0.0,0.0,0.0,0.0,0.0,0.0,0.0,False,False,False,False
06073005801,0.0,0.0,0.0,0.0,0.0,0.0,0.0,0.0,0.0,0.0,0.0,False,False,False,False
06073005802,0.0,0.0,0.0,0.0,0.0,0.0,0.0,0.0,0.0,0.0,0.0,False,False,False,False
06073005900,0.0,0.0,0.0,0.0,0.0,0.0,0.0,0.0,0.0,0.0,0.0,False,False,False,False
06073006000,0.0,0.0,0.0,0.0,0.0,0.0,0.0,0.0,0.0,0.0,0.0,False,False,False,False
06073006100,0.0,0.0,0.0,0.0,0.0,0.0,0.0,0.0,0.0,0.0,0.0,False,False,False,False
06073006200,0.0050625,0.0050625,0.0050625,0.0,0.0,0.0,0.0,0.0,0.0,0.0,0.0,False,False,False,False
06073006300,0.0,0.0,0.0,0.0,0.0,0.0,0.0,0.0,0.0,0.0,0.0,False,False,False,False
06073006500,0.0,0.0,0.0,0.0,0.0,0.0,0.0,0.0,0.0,0.0,0.0,False,False,False,False
06073006600,0.0,0.0,0.0,0.0,0.0,0.0,0.0,0.0,0.0,0.0,0.0,False,False,False,False
06073006801,0.0,0.0,0.0,0.0,0.0,0.0,0.0,0.0,0.0,0.0,0.0,False,False,False,False
06073006802,0.0,0.0,0.0,0.0,0.0,0.0,0.0,0.0,0.0,0.0,0.0,False,False,False,False
06073006900,0.0,0.0,0.0,0.0,0.0,0.0,0.0,0.0,0.0,0.0,0.0,False,False,False,False
06073007002,0.0,0.0,0.0,0.0,0.0,0.0,0.0,0.0,0.0,0.0,0.0,False,False,False,False
06073007100,0.0,0.0,0.0,0.0,0.0,0.0,0.0,0.0,0.0,0.0,0.0,False,False,False,False
06073007200,9.375e-05,0.0,0.0,-9.375e-05,-9.375e-05,-0.0001875,0.0,-0.0001875,0.0,0.9675,0.9675,False,False,False,False
06073007302,0.0,0.0,0.0,0.0,0.0,0.0,0.0,0.0,0.0,0.0,0.0,False,False,False,False
06073007303,0.0001875,0.0001875,0.0001875,0.0,0.0,0.0,0.0,0.0,0.0,0.0,0.0,False,False,False,False
06073007304,0.000125,0.000125,0.000125,0.0,0.0,0.0,0.0,0.0,0.0,0.0,0.0,False,False,False,False
06073007401,0.0,0.0,0.0,0.0,0.0,0.0,0.0,0.0,0.0,0.0,0.0,False,False,False,False
06073007402,0.0,0.0,0.0,0.0,0.0,0.0,0.0,0.0,0.0,0.0,0.0,False,False,False,False
06073007501,0.0,0.0,0.0,0.0,0.0,0.0,0.0,0.0,0.0,0.0,0.0,False,False,False,False
06073007502,0.000375,0.000375,0.000375,0.0,0.0,0.0,0.0,0.0,0.0,0.0,0.0,False,False,False,False
06073007601,0.1138125,0.1138125,0.1138125,0.0,0.0,0.0,0.0,0.0,0.0,0.0,0.0,False,False,False,False
06073007602,0.99590625,0.99590625,0.99590625,0.0,0.0,0.0,0.0,0.0,0.0,0.0,0.0,False,False,False,False
06073007701,0.0,0.0,0.0,0.0,0.0,0.0,0.0,0.0,0.0,0.0,0.0,False,False,False,False
06073007702,0.0,0.0,0.0,0.0,0.0,0.0,0.0,0.0,0.0,0.0,0.0,False,False,False,False
06073007800,0.0,0.0,0.0,0.0,0.0,0.0,0.0,0.0,0.0,0.0,0.0,False,False,False,False
06073007905,6.25e-05,6.25e-05,6.25e-05,0.0,0.0,0.0,0.0,0.0,0.0,0.0,0.0,False,False,False,False
06073007907,0.0,0.0,0.0,0.0,0.0,0.0,0.0,0.0,0.0,0.0,0.0,False,False,False,False
06073007908,0.0,0.0,0.0,0.0,0.0,0.0,0.0,0.0,0.0,0.0,0.0,False,False,False,False
06073007910,0.0,0.0,0.0,0.0,0.0,0.0,0.0,0.0,0.0,0.0,0.0,False,False,False,False
06073007911,0.0,0.0,0.0,0.0,0.0,0.0,0.0,0.0,0.0,0.0,0.0,False,False,False,False
06073007912,0.0,0.0,0.0,0.0,0.0,0.0,0.0,0.0,0.0,0.0,0.0,False,False,False,False
06073008002,0.0,0.0,0.0,0.0,0.0,0.0,0.0,0.0,0.0,0.0,0.0,False,False,False,False
06073008003,0.0,0.0,0.0,0.0,0.0,0.0,0.0,0.0,0.0,0.0,0.0,False,False,False,False
06073008006,0.0,0.0,0.0,0.0,0.0,0.0,0.0,0.0,0.0,0.0,0.0,False,False,False,False
06073008101,3.125e-05,3.125e-05,3.125e-05,0.0,0.0,0.0,0.0,0.0,0.0,0.0,0.0,False,False,False,False
06073008102,3.125e-05,3.125e-05,3.125e-05,0.0,0.0,0.0,0.0,0.0,0.0,0.0,0.0,False,False,False,False
06073008201,3.125e-05,3.125e-05,3.125e-05,0.0,0.0,0.0,0.0,0.0,0.0,0.0,0.0,False,False,False,False
06073008202,3.125e-05,3.125e-05,3.125e-05,0.0,0.0,0.0,0.0,0.0,0.0,0.0,0.0,False,False,False,False
06073008301,0.00465625,0.00465625,0.00465625,0.0,0.0,0.0,0.0,0.0,0.0,0.0,0.0,False,False,False,False
06073008303,0.00034375,0.00034375,0.00034375,0.0,0.0,0.0,0.0,0.0,0.0,0.0,0.0,False,False,False,False
06073008305,0.0,0.0,0.0,0.0,0.0,0.0,0.0,0.0,0.0,0.0,0.0,False,False,False,False
06073008306,0.99415625,0.99415625,0.99415625,0.0,0.0,0.0,0.0,0.0,0.0,0.0,0.0,False,False,False,False
06073008307,0.0,0.0,0.0,0.0,0.0,0.0,0.0,0.0,0.0,0.0,0.0,False,False,False,False
06073008310,0.005125,0.005125,0.005125,0.0,0.0,0.0,0.0,0.0,0.0,0.0,0.0,False,False,False,False
06073008311,0.000375,0.000375,0.000375,0.0,0.0,0.0,0.0,0.0,0.0,0.0,0.0,False,False,False,False
06073008312,0.0,0.0,0.0,0.0,0.0,0.0,0.0,0.0,0.0,0.0,0.0,False,False,False,False
06073008313,0.0,0.0,0.0,0.0,0.0,0.0,0.0,0.0,0.0,0.0,0.0,False,False,False,False
06073008324,0.0,0.0,0.0,0.0,0.0,0.0,0.0,0.0,0.0,0.0,0.0,False,False,False,False
06073008327,6.25e-05,0.0,6.25e-05,-6.25e-05,0.0,-0.00015625,0.0,0.0,0.0,0.835,0.0,False,False,False,False
06073008328,1.0,0.97009375,1.0,-0.029906250000000023,0.0,-0.03190781250000002,-0.02821874999999996,0.0,0.0,1.0,0.0,True,False,False,False
06073008330,0.0,0.0,0.0,0.0,0.0,0.0,0.0,0.0,0.0,0.0,0.0,False,False,False,False
06073008331,0.0,0.0,0.0,0.0,0.0,0.0,0.0,0.0,0.0,0.0,0.0,False,False,False,False
06073008336,0.0038125,0.0038125,0.0038125,0.0,0.0,0.0,0.0,0.0,0.0,0.0,0.0,False,False,False,False
06073008337,0.00896875,0.00896875,0.00896875,0.0,0.0,0.0,0.0,0.0,0.0,0.0,0.0,False,False,False,False
06073008339,6.25e-05,3.125e-05,6.25e-05,-3.125e-05,0.0,-9.375e-05,0.0,0.0,0.0,0.6675,0.0,False,False,False,False
06073008343,0.0,0.0,0.0,0.0,0.0,0.0,0.0,0.0,0.0,0.0,0.0,False,False,False,False
06073008344,0.0,0.0,0.0,0.0,0.0,0.0,0.0,0.0,0.0,0.0,0.0,False,False,False,False
06073008345,0.08640625,0.00609375,0.08640625,-0.08031250000000001,0.0,-0.08334375,-0.07734296875,0.0,0.0,1.0,0.0,False,False,False,False
06073008346,0.00025,0.00015625,0.00025,-9.375e-05,0.0,-0.00018828125,0.0,0.0,0.0,0.9425,0.0,False,False,False,False
06073008347,0.99421875,0.99421875,0.99421875,0.0,0.0,0.0,0.0,0.0,0.0,0.0,0.0,False,False,False,False
06073008348,0.06871875,0.06871875,0.06871875,0.0,0.0,0.0,0.0,0.0,0.0,0.0,0.0,False,False,False,False
06073008349,0.00025,0.00025,0.00025,0.0,0.0,0.0,0.0,0.0,0.0,0.0,0.0,False,False,False,False
06073008350,0.0,0.0,0.0,0.0,0.0,0.0,0.0,0.0,0.0,0.0,0.0,False,False,False,False
06073008351,0.0,0.0,0.0,0.0,0.0,0.0,0.0,0.0,0.0,0.0,0.0,False,False,False,False
06073008352,0.000125,0.000125,0.000125,0.0,0.0,0.0,0.0,0.0,0.0,0.0,0.0,False,False,False,False
06073008353,0.0166875,0.0166875,0.0166875,0.0,0.0,0.0,0.0,0.0,0.0,0.0,0.0,False,False,False,False
06073008355,0.00034375,0.00034375,0.00034375,0.0,0.0,0.0,0.0,0.0,0.0,0.0,0.0,False,False,False,False
06073008356,0.0003125,0.0003125,0.0003125,0.0,0.0,0.0,0.0,0.0,0.0,0.0,0.0,False,False,False,False
06073008357,0.0,0.0,0.0,0.0,0.0,0.0,0.0,0.0,0.0,0.0,0.0,False,False,False,False
06073008358,3.125e-05,3.125e-05,3.125e-05,0.0,0.0,0.0,0.0,0.0,0.0,0.0,0.0,False,False,False,False
06073008359,0.0,0.0,0.0,0.0,0.0,0.0,0.0,0.0,0.0,0.0,0.0,False,False,False,False
06073008360,0.0,0.0,0.0,0.0,0.0,0.0,0.0,0.0,0.0,0.0,0.0,False,False,False,False
06073008361,0.0,0.0,0.0,0.0,0.0,0.0,0.0,0.0,0.0,0.0,0.0,False,False,False,False
06073008362,0.0,0.0,0.0,0.0,0.0,0.0,0.0,0.0,0.0,0.0,0.0,False,False,False,False
06073008363,0.0,0.0,0.0,0.0,0.0,0.0,0.0,0.0,0.0,0.0,0.0,False,False,False,False
06073008364,0.0,0.0,0.0,0.0,0.0,0.0,0.0,0.0,0.0,0.0,0.0,False,False,False,False
06073008365,0.01065625,0.00171875,0.01065625,-0.008937500000000001,0.0,-0.00987578125,-0.00796875,0.0,0.0,1.0,0.0,False,False,False,False
06073008366,0.0485625,0.0485625,0.0485625,0.0,0.0,0.0,0.0,0.0,0.0,0.0,0.0,False,False,False,False
06073008367,0.0275,0.0275,0.0275,0.0,0.0,0.0,0.0,0.0,0.0,0.0,0.0,False,False,False,False
06073008368,0.06828125,0.06828125,0.06828125,0.0,0.0,0.0,0.0,0.0,0.0,0.0,0.0,False,False,False,False
06073008369,0.0,0.0,0.0,0.0,0.0,0.0,0.0,0.0,0.0,0.0,0.0,False,False,False,False
06073008370,6.25e-05,6.25e-05,6.25e-05,0.0,0.0,0.0,0.0,0.0,0.0,0.0,0.0,False,False,False,False
06073008371,0.0,0.0,0.0,0.0,0.0,0.0,0.0,0.0,0.0,0.0,0.0,False,False,False,False
06073008372,1.0,0.98565625,1.0,-0.014343749999999988,0.0,-0.015563281250000033,-0.012999218750000012,0.0,0.0,1.0,0.0,True,False,False,False
06073008373,0.0,0.0,0.0,0.0,0.0,0.0,0.0,0.0,0.0,0.0,0.0,False,False,False,False
06073008374,0.97171875,0.6364375,0.97171875,-0.33528125,0.0,-0.33963984375000006,-0.3300921875000001,0.0,0.0,1.0,0.0,False,False,False,False
06073008375,0.0,0.0,0.0,0.0,0.0,0.0,0.0,0.0,0.0,0.0,0.0,False,False,False,False
06073008376,0.0,0.0,0.0,0.0,0.0,0.0,0.0,0.0,0.0,0.0,0.0,False,False,False,False
06073008377,0.0,0.0,0.0,0.0,0.0,0.0,0.0,0.0,0.0,0.0,0.0,False,False,False,False
06073008378,0.0,0.0,0.0,0.0,0.0,0.0,0.0,0.0,0.0,0.0,0.0,False,False,False,False
06073008379,0.0,0.0,0.0,0.0,0.0,0.0,0.0,0.0,0.0,0.0,0.0,False,False,False,False
06073008380,0.00315625,0.00315625,0.00315625,0.0,0.0,0.0,0.0,0.0,0.0,0.0,0.0,False,False,False,False
06073008381,0.00190625,0.00190625,0.00190625,0.0,0.0,0.0,0.0,0.0,0.0,0.0,0.0,False,False,False,False
06073008501,0.001375,0.001375,0.001375,0.0,0.0,0.0,0.0,0.0,0.0,0.0,0.0,False,False,False,False
06073008502,0.00015625,0.00015625,0.00015625,0.0,0.0,0.0,0.0,0.0,0.0,0.0,0.0,False,False,False,False
06073008503,0.0,0.0,0.0,0.0,0.0,0.0,0.0,0.0,0.0,0.0,0.0,False,False,False,False
06073008504,0.0,0.0,0.0,0.0,0.0,0.0,0.0,0.0,0.0,0.0,0.0,False,False,False,False
06073008505,0.00853125,0.00121875,0.00853125,-0.0073125,0.0,-0.0081875,-0.0064687500000000005,0.0,0.0,1.0,0.0,False,False,False,False
06073008506,0.0005625,0.0005625,0.0005625,0.0,0.0,0.0,0.0,0.0,0.0,0.0,0.0,False,False,False,False
06073008507,0.00015625,0.00015625,0.00015625,0.0,0.0,0.0,0.0,0.0,0.0,0.0,0.0,False,False,False,False
06073008509,0.000125,0.000125,0.000125,0.0,0.0,0.0,0.0,0.0,0.0,0.0,0.0,False,False,False,False
06073008510,0.0,0.0,0.0,0.0,0.0,0.0,0.0,0.0,0.0,0.0,0.0,False,False,False,False
06073008511,0.0,0.0,0.0,0.0,0.0,0.0,0.0,0.0,0.0,0.0,0.0,False,False,False,False
06073008512,0.00025,0.00025,0.00025,0.0,0.0,0.0,0.0,0.0,0.0,0.0,0.0,False,False,False,False
06073008513,9.375e-05,9.375e-05,9.375e-05,0.0,0.0,0.0,0.0,0.0,0.0,0.0,0.0,False,False,False,False
06073008600,0.0,0.0,0.0,0.0,0.0,0.0,0.0,0.0,0.0,0.0,0.0,False,False,False,False
06073008701,0.0,0.0,0.0,0.0,0.0,0.0,0.0,0.0,0.0,0.0,0.0,False,False,False,False
06073008702,0.0,0.0,0.0,0.0,0.0,0.0,0.0,0.0,0.0,0.0,0.0,False,False,False,False
06073008800,0.0,0.0,0.0,0.0,0.0,0.0,0.0,0.0,0.0,0.0,0.0,False,False,False,False
06073008901,0.0,0.0,0.0,0.0,0.0,0.0,0.0,0.0,0.0,0.0,0.0,False,False,False,False
06073008902,0.0,0.0,0.0,0.0,0.0,0.0,0.0,0.0,0.0,0.0,0.0,False,False,False,False
06073009000,0.0,0.0,0.0,0.0,0.0,0.0,0.0,0.0,0.0,0.0,0.0,False,False,False,False
06073009101,6.25e-05,6.25e-05,6.25e-05,0.0,0.0,0.0,0.0,0.0,0.0,0.0,0.0,False,False,False,False
06073009102,0.00084375,0.00084375,0.00084375,0.0,0.0,0.0,0.0,0.0,0.0,0.0,0.0,False,False,False,False
06073009103,9.375e-05,9.375e-05,9.375e-05,0.0,0.0,0.0,0.0,0.0,0.0,0.0,0.0,False,False,False,False
06073009104,0.00028125,0.00028125,0.00028125,0.0,0.0,0.0,0.0,0.0,0.0,0.0,0.0,False,False,False,False
06073009107,0.0,0.0,0.0,0.0,0.0,0.0,0.0,0.0,0.0,0.0,0.0,False,False,False,False
06073009108,0.0,0.0,0.0,0.0,0.0,0.0,0.0,0.0,0.0,0.0,0.0,False,False,False,False
06073009109,0.0,0.0,0.0,0.0,0.0,0.0,0.0,0.0,0.0,0.0,0.0,False,False,False,False
06073009201,0.0,0.0,0.0,0.0,0.0,0.0,0.0,0.0,0.0,0.0,0.0,False,False,False,False
06073009203,0.0,0.0,0.0,0.0,0.0,0.0,0.0,0.0,0.0,0.0,0.0,False,False,False,False
06073009204,0.000125,0.000125,0.000125,0.0,0.0,0.0,0.0,0.0,0.0,0.0,0.0,False,False,False,False
06073009301,0.00228125,0.00228125,0.00228125,0.0,0.0,0.0,0.0,0.0,0.0,0.0,0.0,False,False,False,False
06073009305,6.25e-05,6.25e-05,6.25e-05,0.0,0.0,0.0,0.0,0.0,0.0,0.0,0.0,False,False,False,False
06073009306,0.024625,0.024625,0.024625,0.0,0.0,0.0,0.0,0.0,0.0,0.0,0.0,False,False,False,False
06073009307,0.0,0.0,0.0,0.0,0.0,0.0,0.0,0.0,0.0,0.0,0.0,False,False,False,False
06073009308,0.0,0.0,0.0,0.0,0.0,0.0,0.0,0.0,0.0,0.0,0.0,False,False,False,False
06073009400,1.0,0.99590625,1.0,-0.004093750000000007,0.0,-0.004750000000000032,-0.003406250000000055,0.0,0.0,1.0,0.0,True,False,False,False
06073009502,0.0,0.0,0.0,0.0,0.0,0.0,0.0,0.0,0.0,0.0,0.0,False,False,False,False
06073009505,1.0,0.99615625,1.0,-0.0038437500000000346,0.0,-0.004625781249999991,-0.0031875000000000098,0.0,0.0,1.0,0.0,True,False,False,False
06073009506,0.999875,0.998375,0.999875,-0.0014999999999999458,0.0,-0.001969531250000073,-0.001124218749999934,0.0,0.0,1.0,0.0,False,False,False,False
06073009507,1.0,0.9915625,1.0,-0.008437499999999987,0.0,-0.009437499999999988,-0.007499999999999951,0.0,0.0,1.0,0.0,True,False,False,False
06073009509,0.0,0.0,0.0,0.0,0.0,0.0,0.0,0.0,0.0,0.0,0.0,False,False,False,False
06073009510,0.99975,0.99975,0.99975,0.0,0.0,0.0,0.0,0.0,0.0,0.0,0.0,False,False,False,False
06073009511,0.01171875,0.01171875,0.01171875,0.0,0.0,0.0,0.0,0.0,0.0,0.0,0.0,False,False,False,False
06073009602,0.0,0.0,0.0,0.0,0.0,0.0,0.0,0.0,0.0,0.0,0.0,False,False,False,False
06073009603,0.0,0.0,0.0,0.0,0.0,0.0,0.0,0.0,0.0,0.0,0.0,False,False,False,False
06073009604,0.0,0.0,0.0,0.0,0.0,0.0,0.0,0.0,0.0,0.0,0.0,False,False,False,False
06073009703,0.0,0.0,0.0,0.0,0.0,0.0,0.0,0.0,0.0,0.0,0.0,False,False,False,False
06073009704,0.99528125,0.42590625,0.94759375,-0.569375,-0.047687499999999994,-0.5755328125000001,-0.56443515625,-0.05012578124999997,-0.04521796875000009,1.0,1.0,False,False,True,False
06073009705,0.99028125,0.99028125,0.99028125,0.0,0.0,0.0,0.0,0.0,0.0,0.0,0.0,False,False,False,False
06073009706,0.9995625,0.99734375,0.99734375,-0.002218750000000047,-0.002218750000000047,-0.0027812500000000684,-0.0016249999999999876,-0.0027812500000000684,-0.0016249999999999876,1.0,1.0,False,False,False,False
06073009801,9.375e-05,0.0,0.0,-9.375e-05,-9.375e-05,-0.00021875,0.0,-0.00021875,0.0,0.9575,0.9575,False,False,False,False
06073009802,0.0,0.0,0.0,0.0,0.0,0.0,0.0,0.0,0.0,0.0,0.0,False,False,False,False
06073009804,0.877,0.10084375,0.10084375,-0.77615625,-0.77615625,-0.7806273437499999,-0.77190625,-0.7806273437499999,-0.77190625,1.0,1.0,False,False,True,True
06073009805,1.0,0.99846875,0.99846875,-0.001531249999999984,-0.001531249999999984,-0.0019687499999999636,-0.0011250000000000426,-0.0019687499999999636,-0.0011250000000000426,1.0,1.0,True,True,False,False
06073009901,1.0,0.999375,0.999375,-0.0006249999999999867,-0.0006249999999999867,-0.0009070312499999982,-0.00037421875000001397,-0.0009070312499999982,-0.00037421875000001397,1.0,1.0,True,True,False,False
06073009902,0.37075,0.0309375,0.0309375,-0.3398125,-0.3398125,-0.34441171875,-0.33453046875,-0.34441171875,-0.33453046875,1.0,1.0,False,False,False,False
06073010001,0.0,0.0,0.0,0.0,0.0,0.0,0.0,0.0,0.0,0.0,0.0,False,False,False,False
06073010003,0.9639375,0.46625,0.9639375,-0.4976875,0.0,-0.50285078125,-0.49171250000000005,0.0,0.0,1.0,0.0,False,False,True,False
06073010004,0.68959375,0.68959375,0.68959375,0.0,0.0,0.0,0.0,0.0,0.0,0.0,0.0,False,False,False,False
06073010005,0.00659375,0.00659375,0.00659375,0.0,0.0,0.0,0.0,0.0,0.0,0.0,0.0,False,False,False,False
06073010009,0.845375,0.174,0.845375,-0.671375,0.0,-0.67646875,-0.6655578125,0.0,0.0,1.0,0.0,False,False,True,False
06073010010,3.125e-05,3.125e-05,3.125e-05,0.0,0.0,0.0,0.0,0.0,0.0,0.0,0.0,False,False,False,False
06073010011,9.375e-05,9.375e-05,9.375e-05,0.0,0.0,0.0,0.0,0.0,0.0,0.0,0.0,False,False,False,False
06073010012,0.00021875,0.000125,0.00021875,-9.375e-05,0.0,-0.00021875,0.0,0.0,0.0,0.9475,0.0,False,False,False,False
06073010013,0.0003125,0.0003125,0.0003125,0.0,0.0,0.0,0.0,0.0,0.0,0.0,0.0,False,False,False,False
06073010015,0.0,0.0,0.0,0.0,0.0,0.0,0.0,0.0,0.0,0.0,0.0,False,False,False,False
06073010016,0.99903125,0.98846875,0.9600625,-0.01056250000000003,-0.038968749999999996,-0.011656249999999927,-0.00950000000000006,-0.04090703125000003,-0.03706171875,1.0,1.0,False,False,False,False
06073010017,0.998625,0.99778125,0.998625,-0.000843750000000032,0.0,-0.001157031250000079,-0.0005312499999999831,0.0,0.0,1.0,0.0,False,False,False,False
06073010018,0.999625,0.9989375,0.999625,-0.000687499999999952,0.0,-0.0010000000000000009,-0.00043749999999997957,0.0,0.0,1.0,0.0,False,False,False,False
06073010019,1.0,0.9974375,1.0,-0.002562500000000023,0.0,-0.003094531250000007,-0.00203125000000004,0.0,0.0,1.0,0.0,True,False,False,False
06073010103,0.967625,0.32965625,0.32965625,-0.63796875,-0.63796875,-0.6436890625,-0.6324976562500001,-0.6436890625,-0.6324976562500001,1.0,1.0,False,False,True,True
06073010104,0.99996875,0.9995625,0.99996875,-0.0004062499999999414,0.0,-0.0006249999999999867,-0.0001875000000000071,0.0,0.0,1.0,0.0,False,False,False,False
06073010106,0.000125,0.000125,0.000125,0.0,0.0,0.0,0.0,0.0,0.0,0.0,0.0,False,False,False,False
06073010107,0.00021875,0.00021875,0.00021875,0.0,0.0,0.0,0.0,0.0,0.0,0.0,0.0,False,False,False,False
06073010109,1.0,0.97771875,1.0,-0.02228125000000003,0.0,-0.02387578124999998,-0.020656250000000043,0.0,0.0,1.0,0.0,True,False,False,False
06073010110,0.8479375,0.1770625,0.8479375,-0.670875,0.0,-0.6752812499999999,-0.66577890625,0.0,0.0,1.0,0.0,False,False,True,False
06073010111,0.000125,9.375e-05,0.000125,-3.125e-05,0.0,-0.000125,0.0,0.0,0.0,0.6725,0.0,False,False,False,False
06073010112,0.9021875,0.27534375,0.9021875,-0.62684375,0.0,-0.6316578125000001,-0.62165234375,0.0,0.0,1.0,0.0,False,False,True,False
06073010201,1.0,0.9953125,1.0,-0.004687499999999956,0.0,-0.005407031249999947,-0.003937500000000038,0.0,0.0,1.0,0.0,True,False,False,False
06073010202,0.965375,0.524875,0.965375,-0.4405,0.0,-0.44596875,-0.4354046875,0.0,0.0,1.0,0.0,False,False,False,False
06073010300,0.3590625,0.01709375,0.3590625,-0.34196875,0.0,-0.3465,-0.3365,0.0,0.0,1.0,0.0,False,False,False,False
06073010401,0.048375,0.048375,0.048375,0.0,0.0,0.0,0.0,0.0,0.0,0.0,0.0,False,False,False,False
06073010402,0.09484375,0.004625,0.09484375,-0.09021875,0.0,-0.09344374999999999,-0.08684140625000002,0.0,0.0,1.0,0.0,False,False,False,False
06073010501,0.96778125,0.0165625,0.32428125,-0.95121875,-0.6435,-0.95362890625,-0.9484992187499999,-0.64959765625,-0.63843125,1.0,1.0,False,False,True,True
06073010502,0.70915625,0.02759375,0.02759375,-0.6815625000000001,-0.6815625000000001,-0.6866257812500001,-0.67639921875,-0.6866257812500001,-0.67639921875,1.0,1.0,False,False,True,True
06073010601,1.0,0.99934375,0.99934375,-0.0006562500000000249,-0.0006562500000000249,-0.0010000000000000009,-0.0003750000000000142,-0.0010000000000000009,-0.0003750000000000142,1.0,1.0,True,True,False,False
06073010800,0.00553125,0.00553125,0.00553125,0.0,0.0,0.0,0.0,0.0,0.0,0.0,0.0,False,False,False,False
06073010900,0.015375,0.015375,0.015375,0.0,0.0,0.0,0.0,0.0,0.0,0.0,0.0,False,False,False,False
06073011000,0.004875,0.004875,0.004875,0.0,0.0,0.0,0.0,0.0,0.0,0.0,0.0,False,False,False,False
06073011100,0.004875,0.004875,0.004875,0.0,0.0,0.0,0.0,0.0,0.0,0.0,0.0,False,False,False,False
06073011300,0.041,0.041,0.041,0.0,0.0,0.0,0.0,0.0,0.0,0.0,0.0,False,False,False,False
06073011601,0.0,0.0,0.0,0.0,0.0,0.0,0.0,0.0,0.0,0.0,0.0,False,False,False,False
06073011602,0.0,0.0,0.0,0.0,0.0,0.0,0.0,0.0,0.0,0.0,0.0,False,False,False,False
06073011700,0.0,0.0,0.0,0.0,0.0,0.0,0.0,0.0,0.0,0.0,0.0,False,False,False,False
06073011801,0.0,0.0,0.0,0.0,0.0,0.0,0.0,0.0,0.0,0.0,0.0,False,False,False,False
06073011802,0.0,0.0,0.0,0.0,0.0,0.0,0.0,0.0,0.0,0.0,0.0,False,False,False,False
06073011902,0.0,0.0,0.0,0.0,0.0,0.0,0.0,0.0,0.0,0.0,0.0,False,False,False,False
06073012002,0.0,0.0,0.0,0.0,0.0,0.0,0.0,0.0,0.0,0.0,0.0,False,False,False,False
06073012003,0.0,0.0,0.0,0.0,0.0,0.0,0.0,0.0,0.0,0.0,0.0,False,False,False,False
06073012101,0.0,0.0,0.0,0.0,0.0,0.0,0.0,0.0,0.0,0.0,0.0,False,False,False,False
06073012102,0.0,0.0,0.0,0.0,0.0,0.0,0.0,0.0,0.0,0.0,0.0,False,False,False,False
06073012200,0.000125,0.000125,0.000125,0.0,0.0,0.0,0.0,0.0,0.0,0.0,0.0,False,False,False,False
06073012302,0.0,0.0,0.0,0.0,0.0,0.0,0.0,0.0,0.0,0.0,0.0,False,False,False,False
06073012303,0.0,0.0,0.0,0.0,0.0,0.0,0.0,0.0,0.0,0.0,0.0,False,False,False,False
06073012304,0.0,0.0,0.0,0.0,0.0,0.0,0.0,0.0,0.0,0.0,0.0,False,False,False,False
06073012401,0.0,0.0,0.0,0.0,0.0,0.0,0.0,0.0,0.0,0.0,0.0,False,False,False,False
06073012402,0.0,0.0,0.0,0.0,0.0,0.0,0.0,0.0,0.0,0.0,0.0,False,False,False,False
06073012501,0.0,0.0,0.0,0.0,0.0,0.0,0.0,0.0,0.0,0.0,0.0,False,False,False,False
06073012502,0.000125,0.0,0.0,-0.000125,-0.000125,-0.00025,-3.125e-05,-0.00025,-3.125e-05,0.9825,0.9825,False,False,False,False
06073012600,0.0,0.0,0.0,0.0,0.0,0.0,0.0,0.0,0.0,0.0,0.0,False,False,False,False
06073012700,0.0,0.0,0.0,0.0,0.0,0.0,0.0,0.0,0.0,0.0,0.0,False,False,False,False
06073012800,0.0,0.0,0.0,0.0,0.0,0.0,0.0,0.0,0.0,0.0,0.0,False,False,False,False
06073012900,0.0,0.0,0.0,0.0,0.0,0.0,0.0,0.0,0.0,0.0,0.0,False,False,False,False
06073013000,0.0,0.0,0.0,0.0,0.0,0.0,0.0,0.0,0.0,0.0,0.0,False,False,False,False
06073013102,0.0,0.0,0.0,0.0,0.0,0.0,0.0,0.0,0.0,0.0,0.0,False,False,False,False
06073013103,0.0,0.0,0.0,0.0,0.0,0.0,0.0,0.0,0.0,0.0,0.0,False,False,False,False
06073013104,0.0,0.0,0.0,0.0,0.0,0.0,0.0,0.0,0.0,0.0,0.0,False,False,False,False
06073013203,0.0,0.0,0.0,0.0,0.0,0.0,0.0,0.0,0.0,0.0,0.0,False,False,False,False
06073013204,0.0,0.0,0.0,0.0,0.0,0.0,0.0,0.0,0.0,0.0,0.0,False,False,False,False
06073013205,3.125e-05,3.125e-05,3.125e-05,0.0,0.0,0.0,0.0,0.0,0.0,0.0,0.0,False,False,False,False
06073013206,0.0,0.0,0.0,0.0,0.0,0.0,0.0,0.0,0.0,0.0,0.0,False,False,False,False
06073013301,0.0,0.0,0.0,0.0,0.0,0.0,0.0,0.0,0.0,0.0,0.0,False,False,False,False
06073013302,0.0,0.0,0.0,0.0,0.0,0.0,0.0,0.0,0.0,0.0,0.0,False,False,False,False
06073013303,3.125e-05,0.0,3.125e-05,-3.125e-05,0.0,-9.453124999999996e-05,0.0,0.0,0.0,0.6075,0.0,False,False,False,False
06073013306,0.567,0.0480625,0.567,-0.5189374999999999,0.0,-0.52437734375,-0.51399765625,0.0,0.0,1.0,0.0,False,False,True,False
06073013307,1.0,0.96309375,1.0,-0.03690625000000003,0.0,-0.03893749999999996,-0.03493593749999996,0.0,0.0,1.0,0.0,True,False,False,False
06073013308,0.00403125,0.00028125,0.00403125,-0.0037500000000000003,0.0,-0.00440625,-0.00309375,0.0,0.0,1.0,0.0,False,False,False,False
06073013309,6.25e-05,6.25e-05,6.25e-05,0.0,0.0,0.0,0.0,0.0,0.0,0.0,0.0,False,False,False,False
06073013312,0.00128125,0.00128125,0.00128125,0.0,0.0,0.0,0.0,0.0,0.0,0.0,0.0,False,False,False,False
06073013315,0.00015625,0.00015625,0.00015625,0.0,0.0,0.0,0.0,0.0,0.0,0.0,0.0,False,False,False,False
06073013316,0.0,0.0,0.0,0.0,0.0,0.0,0.0,0.0,0.0,0.0,0.0,False,False,False,False
06073013317,0.49978125,0.0273125,0.49978125,-0.47246875,0.0,-0.4779398437500001,-0.46739140625000003,0.0,0.0,1.0,0.0,False,False,False,False
06073013318,0.00015625,0.00015625,0.00015625,0.0,0.0,0.0,0.0,0.0,0.0,0.0,0.0,False,False,False,False
06073013319,0.00915625,0.00915625,0.00046875,0.0,-0.008687499999999999,0.0,0.0,-0.00975,-0.00771875,0.0,1.0,False,False,False,False
06073013320,0.99996875,0.99996875,0.9949375,0.0,-0.005031249999999932,0.0,0.0,-0.005750000000000033,-0.004281250000000014,0.0,1.0,False,True,False,False
06073013321,0.18875,0.18875,0.18875,0.0,0.0,0.0,0.0,0.0,0.0,0.0,0.0,False,False,False,False
06073013322,0.0005625,0.0005625,0.0005625,0.0,0.0,0.0,0.0,0.0,0.0,0.0,0.0,False,False,False,False
06073013323,0.0091875,0.0091875,0.0091875,0.0,0.0,0.0,0.0,0.0,0.0,0.0,0.0,False,False,False,False
06073013324,0.0130625,0.0130625,0.0130625,0.0,0.0,0.0,0.0,0.0,0.0,0.0,0.0,False,False,False,False
06073013325,0.00171875,0.00171875,0.00171875,0.0,0.0,0.0,0.0,0.0,0.0,0.0,0.0,False,False,False,False
06073013326,9.375e-05,9.375e-05,9.375e-05,0.0,0.0,0.0,0.0,0.0,0.0,0.0,0.0,False,False,False,False
06073013327,0.0001875,0.0001875,0.0001875,0.0,0.0,0.0,0.0,0.0,0.0,0.0,0.0,False,False,False,False
06073013401,0.0,0.0,0.0,0.0,0.0,0.0,0.0,0.0,0.0,0.0,0.0,False,False,False,False
06073013409,3.125e-05,3.125e-05,3.125e-05,0.0,0.0,0.0,0.0,0.0,0.0,0.0,0.0,False,False,False,False
06073013411,0.9964375,0.9811875,0.9964375,-0.015249999999999986,0.0,-0.016532031249999996,-0.013968750000000082,0.0,0.0,1.0,0.0,False,False,False,False
06073013412,0.00103125,0.00103125,0.00103125,0.0,0.0,0.0,0.0,0.0,0.0,0.0,0.0,False,False,False,False
06073013414,3.125e-05,3.125e-05,3.125e-05,0.0,0.0,0.0,0.0,0.0,0.0,0.0,0.0,False,False,False,False
06073013415,0.000875,0.000875,0.000875,0.0,0.0,0.0,0.0,0.0,0.0,0.0,0.0,False,False,False,False
06073013416,0.203,0.0165,0.203,-0.1865,0.0,-0.19153515625,-0.18218515625,0.0,0.0,1.0,0.0,False,False,False,False
06073013417,0.00178125,3.125e-05,0.0001875,-0.00175,-0.0015937500000000001,-0.00218828125,-0.00128125,-0.00203203125,-0.00115625,1.0,1.0,False,False,False,False
06073013418,3.125e-05,3.125e-05,3.125e-05,0.0,0.0,0.0,0.0,0.0,0.0,0.0,0.0,False,False,False,False
06073013420,0.00103125,0.00103125,0.00103125,0.0,0.0,0.0,0.0,0.0,0.0,0.0,0.0,False,False,False,False
06073013421,0.00015625,0.00015625,0.00015625,0.0,0.0,0.0,0.0,0.0,0.0,0.0,0.0,False,False,False,False
06073013422,1.0,0.96790625,1.0,-0.03209375000000003,0.0,-0.03406406249999999,-0.030433593750000012,0.0,0.0,1.0,0.0,True,False,False,False
06073013423,1.0,0.99984375,0.99984375,-0.00015624999999996891,-0.00015624999999996891,-0.00028125000000001066,-3.125000000003819e-05,-0.00028125000000001066,-3.125000000003819e-05,0.995,0.995,True,True,False,False
06073013424,6.25e-05,0.0,0.0,-6.25e-05,-6.25e-05,-0.00015625,0.0,-0.00015625,0.0,0.8475,0.8475,False,False,False,False
06073013425,0.01434375,0.01434375,0.00025,0.0,-0.01409375,0.0,0.0,-0.0154078125,-0.01262421875,0.0,1.0,False,False,False,False
06073013503,0.9765,0.9765,0.9765,0.0,0.0,0.0,0.0,0.0,0.0,0.0,0.0,False,False,False,False
06073013504,0.99953125,0.99953125,0.99953125,0.0,0.0,0.0,0.0,0.0,0.0,0.0,0.0,False,False,False,False
06073013505,0.79021875,0.79021875,0.79021875,0.0,0.0,0.0,0.0,0.0,0.0,0.0,0.0,False,False,False,False
06073013506,0.99990625,0.9998125,0.99928125,-9.375000000000355e-05,-0.0006249999999999867,-0.0002187500000000453,0.0,-0.0008757812500000683,-0.000343749999999976,0.9625,1.0,False,False,False,False
06073013601,0.99365625,0.99365625,0.99365625,0.0,0.0,0.0,0.0,0.0,0.0,0.0,0.0,False,False,False,False
06073013604,0.999875,0.99428125,0.99428125,-0.005593749999999953,-0.005593749999999953,-0.006469531250000021,-0.0048437500000000355,-0.006469531250000021,-0.0048437500000000355,1.0,1.0,False,False,False,False
06073013605,0.9994375,0.9970625,0.9970625,-0.002375000000000016,-0.002375000000000016,-0.00287578125000007,-0.0018437500000000329,-0.00287578125000007,-0.0018437500000000329,1.0,1.0,False,False,False,False
06073013607,0.91559375,0.91559375,0.91559375,0.0,0.0,0.0,0.0,0.0,0.0,0.0,0.0,False,False,False,False
06073013608,0.9735625,0.9735625,0.9735625,0.0,0.0,0.0,0.0,0.0,0.0,0.0,0.0,False,False,False,False
06073013701,0.00171875,0.00171875,0.00171875,0.0,0.0,0.0,0.0,0.0,0.0,0.0,0.0,False,False,False,False
06073013702,3.125e-05,3.125e-05,3.125e-05,0.0,0.0,0.0,0.0,0.0,0.0,0.0,0.0,False,False,False,False
06073013801,0.0,0.0,0.0,0.0,0.0,0.0,0.0,0.0,0.0,0.0,0.0,False,False,False,False
06073013802,6.25e-05,6.25e-05,6.25e-05,0.0,0.0,0.0,0.0,0.0,0.0,0.0,0.0,False,False,False,False
06073013903,0.99821875,0.97640625,0.97640625,-0.021812500000000012,-0.021812500000000012,-0.02362578125000001,-0.02024921874999999,-0.02362578125000001,-0.02024921874999999,1.0,1.0,False,False,False,False
06073013905,0.31325,0.31325,0.31325,0.0,0.0,0.0,0.0,0.0,0.0,0.0,0.0,False,False,False,False
06073013906,0.04653125,0.04653125,0.04653125,0.0,0.0,0.0,0.0,0.0,0.0,0.0,0.0,False,False,False,False
06073013907,0.80703125,0.80703125,0.80703125,0.0,0.0,0.0,0.0,0.0,0.0,0.0,0.0,False,False,False,False
06073013908,0.48365625,0.48365625,0.48365625,0.0,0.0,0.0,0.0,0.0,0.0,0.0,0.0,False,False,False,False
06073013909,0.99796875,0.99796875,0.99796875,0.0,0.0,0.0,0.0,0.0,0.0,0.0,0.0,False,False,False,False
06073014001,9.375e-05,9.375e-05,9.375e-05,0.0,0.0,0.0,0.0,0.0,0.0,0.0,0.0,False,False,False,False
06073014002,6.25e-05,6.25e-05,6.25e-05,0.0,0.0,0.0,0.0,0.0,0.0,0.0,0.0,False,False,False,False
06073014101,9.375e-05,9.375e-05,9.375e-05,0.0,0.0,0.0,0.0,0.0,0.0,0.0,0.0,False,False,False,False
06073014102,0.74890625,0.74890625,0.74890625,0.0,0.0,0.0,0.0,0.0,0.0,0.0,0.0,False,False,False,False
06073014200,0.00015625,0.00015625,0.00015625,0.0,0.0,0.0,0.0,0.0,0.0,0.0,0.0,False,False,False,False
06073014300,6.25e-05,6.25e-05,6.25e-05,0.0,0.0,0.0,0.0,0.0,0.0,0.0,0.0,False,False,False,False
06073014400,0.0,0.0,0.0,0.0,0.0,0.0,0.0,0.0,0.0,0.0,0.0,False,False,False,False
06073014500,0.0,0.0,0.0,0.0,0.0,0.0,0.0,0.0,0.0,0.0,0.0,False,False,False,False
06073014601,0.0,0.0,0.0,0.0,0.0,0.0,0.0,0.0,0.0,0.0,0.0,False,False,False,False
06073014602,0.0,0.0,0.0,0.0,0.0,0.0,0.0,0.0,0.0,0.0,0.0,False,False,False,False
06073014701,0.0,0.0,0.0,0.0,0.0,0.0,0.0,0.0,0.0,0.0,0.0,False,False,False,False
06073014702,0.0,0.0,0.0,0.0,0.0,0.0,0.0,0.0,0.0,0.0,0.0,False,False,False,False
06073014803,0.0,0.0,0.0,0.0,0.0,0.0,0.0,0.0,0.0,0.0,0.0,False,False,False,False
06073014804,0.0,0.0,0.0,0.0,0.0,0.0,0.0,0.0,0.0,0.0,0.0,False,False,False,False
06073014805,0.0,0.0,0.0,0.0,0.0,0.0,0.0,0.0,0.0,0.0,0.0,False,False,False,False
06073014806,0.0,0.0,0.0,0.0,0.0,0.0,0.0,0.0,0.0,0.0,0.0,False,False,False,False
06073014901,0.0,0.0,0.0,0.0,0.0,0.0,0.0,0.0,0.0,0.0,0.0,False,False,False,False
06073014902,0.0,0.0,0.0,0.0,0.0,0.0,0.0,0.0,0.0,0.0,0.0,False,False,False,False
06073015001,0.0,0.0,0.0,0.0,0.0,0.0,0.0,0.0,0.0,0.0,0.0,False,False,False,False
06073015002,0.0,0.0,0.0,0.0,0.0,0.0,0.0,0.0,0.0,0.0,0.0,False,False,False,False
06073015100,0.0,0.0,0.0,0.0,0.0,0.0,0.0,0.0,0.0,0.0,0.0,False,False,False,False
06073015200,9.375e-05,9.375e-05,9.375e-05,0.0,0.0,0.0,0.0,0.0,0.0,0.0,0.0,False,False,False,False
06073015301,0.0,0.0,0.0,0.0,0.0,0.0,0.0,0.0,0.0,0.0,0.0,False,False,False,False
06073015302,0.001125,0.001125,0.001125,0.0,0.0,0.0,0.0,0.0,0.0,0.0,0.0,False,False,False,False
06073015403,0.99809375,0.99809375,0.99809375,0.0,0.0,0.0,0.0,0.0,0.0,0.0,0.0,False,False,False,False
06073015405,1.0,0.999625,0.999625,-0.0003750000000000142,-0.0003750000000000142,-0.0006249999999999867,-0.0001875000000000071,-0.0006249999999999867,-0.0001875000000000071,1.0,1.0,True,True,False,False
06073015406,1.0,0.9993125,0.9993125,-0.000687499999999952,-0.000687499999999952,-0.0009687499999999627,-0.0004062500000000524,-0.0009687499999999627,-0.0004062500000000524,1.0,1.0,True,True,False,False
06073015407,0.0,0.0,0.0,0.0,0.0,0.0,0.0,0.0,0.0,0.0,0.0,False,False,False,False
06073015408,0.9985,0.97571875,0.97571875,-0.022781250000000086,-0.022781250000000086,-0.024281250000000032,-0.021246093749999997,-0.024281250000000032,-0.021246093749999997,1.0,1.0,False,False,False,False
06073015501,1.0,0.32,0.9999375,-0.6799999999999999,-6.249999999996536e-05,-0.68506640625,-0.67475,-0.00015624999999996891,0.0,1.0,0.8525,True,False,True,False
06073015502,0.99946875,0.99859375,0.99946875,-0.0008750000000000702,0.0,-0.001188281250000009,-0.0005312499999999831,0.0,0.0,1.0,0.0,False,False,False,False
06073015601,0.0,0.0,0.0,0.0,0.0,0.0,0.0,0.0,0.0,0.0,0.0,False,False,False,False
06073015602,0.99996875,0.969375,0.99384375,-0.030593749999999975,-0.006124999999999936,-0.03240624999999997,-0.02881171874999991,-0.006968749999999971,-0.005280468749999909,1.0,1.0,False,False,False,False
06073015701,0.0,0.0,0.0,0.0,0.0,0.0,0.0,0.0,0.0,0.0,0.0,False,False,False,False
06073015704,0.0,0.0,0.0,0.0,0.0,0.0,0.0,0.0,0.0,0.0,0.0,False,False,False,False
06073015705,0.0,0.0,0.0,0.0,0.0,0.0,0.0,0.0,0.0,0.0,0.0,False,False,False,False
06073015706,0.0,0.0,0.0,0.0,0.0,0.0,0.0,0.0,0.0,0.0,0.0,False,False,False,False
06073015801,0.0,0.0,0.0,0.0,0.0,0.0,0.0,0.0,0.0,0.0,0.0,False,False,False,False
06073015802,0.0,0.0,0.0,0.0,0.0,0.0,0.0,0.0,0.0,0.0,0.0,False,False,False,False
06073015901,6.25e-05,6.25e-05,6.25e-05,0.0,0.0,0.0,0.0,0.0,0.0,0.0,0.0,False,False,False,False
06073015902,0.0,0.0,0.0,0.0,0.0,0.0,0.0,0.0,0.0,0.0,0.0,False,False,False,False
06073016000,6.25e-05,6.25e-05,6.25e-05,0.0,0.0,0.0,0.0,0.0,0.0,0.0,0.0,False,False,False,False
06073016100,0.0,0.0,0.0,0.0,0.0,0.0,0.0,0.0,0.0,0.0,0.0,False,False,False,False
06073016201,0.0,0.0,0.0,0.0,0.0,0.0,0.0,0.0,0.0,0.0,0.0,False,False,False,False
06073016202,0.0,0.0,0.0,0.0,0.0,0.0,0.0,0.0,0.0,0.0,0.0,False,False,False,False
06073016301,0.0,0.0,0.0,0.0,0.0,0.0,0.0,0.0,0.0,0.0,0.0,False,False,False,False
06073016302,0.0,0.0,0.0,0.0,0.0,0.0,0.0,0.0,0.0,0.0,0.0,False,False,False,False
06073016401,3.125e-05,0.0,3.125e-05,-3.125e-05,0.0,-9.375e-05,0.0,0.0,0.0,0.655,0.0,False,False,False,False
06073016403,0.999625,0.9983125,0.999625,-0.0013124999999999387,0.0,-0.001749999999999921,-0.0009687500000000709,0.0,0.0,1.0,0.0,False,False,False,False
06073016404,0.0,0.0,0.0,0.0,0.0,0.0,0.0,0.0,0.0,0.0,0.0,False,False,False,False
06073016502,0.0,0.0,0.0,0.0,0.0,0.0,0.0,0.0,0.0,0.0,0.0,False,False,False,False
06073016503,0.0,0.0,0.0,0.0,0.0,0.0,0.0,0.0,0.0,0.0,0.0,False,False,False,False
06073016504,0.0,0.0,0.0,0.0,0.0,0.0,0.0,0.0,0.0,0.0,0.0,False,False,False,False
06073016606,0.00509375,0.00090625,0.0008125,-0.0041875,-0.00428125,-0.00484375,-0.0035937500000000006,-0.005,-0.0036875000000000002,1.0,1.0,False,False,False,False
06073016607,0.0,0.0,0.0,0.0,0.0,0.0,0.0,0.0,0.0,0.0,0.0,False,False,False,False
06073016608,0.01525,0.00278125,0.01525,-0.01246875,0.0,-0.013596093750000001,-0.01137421875,0.0,0.0,1.0,0.0,False,False,False,False
06073016609,1.0,0.86484375,1.0,-0.13515624999999998,0.0,-0.13868828124999996,-0.13177968749999996,0.0,0.0,1.0,0.0,True,False,False,False
06073016610,0.0,0.0,0.0,0.0,0.0,0.0,0.0,0.0,0.0,0.0,0.0,False,False,False,False
06073016613,0.00109375,0.00109375,0.00109375,0.0,0.0,0.0,0.0,0.0,0.0,0.0,0.0,False,False,False,False
06073016614,9.375e-05,9.375e-05,9.375e-05,0.0,0.0,0.0,0.0,0.0,0.0,0.0,0.0,False,False,False,False
06073016615,3.125e-05,3.125e-05,3.125e-05,0.0,0.0,0.0,0.0,0.0,0.0,0.0,0.0,False,False,False,False
06073016616,0.0,0.0,0.0,0.0,0.0,0.0,0.0,0.0,0.0,0.0,0.0,False,False,False,False
06073016617,0.0,0.0,0.0,0.0,0.0,0.0,0.0,0.0,0.0,0.0,0.0,False,False,False,False
06073016618,0.99771875,0.99609375,0.99065625,-0.0016249999999999876,-0.007062499999999972,-0.0020320312499999297,-0.001187500000000008,-0.008031250000000045,-0.0061867187500000125,1.0,1.0,False,True,False,False
06073016619,0.61303125,0.02965625,0.00271875,-0.583375,-0.6103125,-0.58946953125,-0.57737421875,-0.6160328125,-0.60487421875,1.0,1.0,False,False,True,True
06073016620,0.0018125,0.0018125,0.0018125,0.0,0.0,0.0,0.0,0.0,0.0,0.0,0.0,False,False,False,False
06073016621,0.98290625,0.8350625,0.98290625,-0.14784374999999994,0.0,-0.15153203125,-0.1436820312500001,0.0,0.0,1.0,0.0,False,False,False,False
06073016703,0.0256875,0.00221875,0.0256875,-0.02346875,0.0,-0.025158593750000003,-0.02175,0.0,0.0,1.0,0.0,False,False,False,False
06073016704,1.0,0.9984375,1.0,-0.0015625000000000222,0.0,-0.0020000000000000018,-0.0011867187500000076,0.0,0.0,1.0,0.0,True,False,False,False
06073016705,0.00846875,0.0011875,0.00846875,-0.00728125,0.0,-0.0081890625,-0.0063429687500000005,0.0,0.0,1.0,0.0,False,False,False,False
06073016706,0.99725,0.97565625,0.99725,-0.021593749999999967,0.0,-0.02315781249999999,-0.019874999999999976,0.0,0.0,1.0,0.0,False,False,False,False
06073016804,0.961625,0.57565625,0.961625,-0.38596874999999997,0.0,-0.39143828125,-0.3800921875,0.0,0.0,1.0,0.0,False,False,False,False
06073016806,0.02734375,0.00046875,0.02734375,-0.026875,0.0,-0.028471093750000002,-0.02518671875,0.0,0.0,1.0,0.0,False,False,False,False
06073016807,1.0,0.97996875,1.0,-0.020031249999999945,0.0,-0.02159453124999997,-0.018468750000000034,0.0,0.0,1.0,0.0,True,False,False,False
06073016809,0.9999375,0.99975,0.99975,-0.0001875000000000071,-0.0001875000000000071,-0.00034453125000008517,-6.249999999996536e-05,-0.00034453125000008517,-6.249999999996536e-05,0.995,0.995,False,False,False,False
06073016810,0.99990625,0.999375,0.99990625,-0.0005312499999999831,0.0,-0.0008124999999999938,-0.00031249999999993783,0.0,0.0,1.0,0.0,False,False,False,False
06073016811,1.0,1.0,1.0,0.0,0.0,0.0,0.0,0.0,0.0,0.0,0.0,False,False,False,False
06073016812,1.0,1.0,1.0,0.0,0.0,0.0,0.0,0.0,0.0,0.0,0.0,False,False,False,False
06073016813,1.0,1.0,0.99915625,0.0,-0.000843750000000032,0.0,0.0,-0.0011257812500000408,-0.0005312499999999831,0.0,1.0,False,True,False,False
06073016901,0.9991875,0.99865625,0.99775,-0.0005312499999999831,-0.0014374999999999805,-0.0008124999999999938,-0.00031249999999993783,-0.001844531250000031,-0.001031250000000039,1.0,1.0,False,False,False,False
06073016902,0.99996875,0.99996875,0.99996875,0.0,0.0,0.0,0.0,0.0,0.0,0.0,0.0,False,False,False,False
06073017006,0.87971875,0.87971875,0.00365625,0.0,-0.8760625,0.0,0.0,-0.8795625,-0.8724023437499999,0.0,1.0,False,False,False,True
06073017009,0.99965625,0.99965625,0.64184375,0.0,-0.3578125,0.0,0.0,-0.3632187499999999,-0.35305781249999996,0.0,1.0,False,False,False,False
06073017010,1.0,1.0,0.99878125,0.0,-0.0012187500000000462,0.0,0.0,-0.0015945312499999504,-0.000843750000000032,0.0,1.0,False,True,False,False
06073017014,0.0014375,0.0014375,0.0014375,0.0,0.0,0.0,0.0,0.0,0.0,0.0,0.0,False,False,False,False
06073017018,0.0,0.0,0.0,0.0,0.0,0.0,0.0,0.0,0.0,0.0,0.0,False,False,False,False
06073017020,1.0,1.0,0.99965625,0.0,-0.000343749999999976,0.0,0.0,-0.0005625000000000213,-0.00015624999999996891,0.0,1.0,False,True,False,False
06073017021,1.0,1.0,0.99975,0.0,-0.00024999999999997247,0.0,0.0,-0.00040703125000005053,-9.375000000000355e-05,0.0,1.0,False,True,False,False
06073017022,0.0,0.0,0.0,0.0,0.0,0.0,0.0,0.0,0.0,0.0,0.0,False,False,False,False
06073017031,0.477125,0.477125,0.477125,0.0,0.0,0.0,0.0,0.0,0.0,0.0,0.0,False,False,False,False
06073017033,1.0,1.0,1.0,0.0,0.0,0.0,0.0,0.0,0.0,0.0,0.0,False,False,False,False
06073017034,0.0,0.0,0.0,0.0,0.0,0.0,0.0,0.0,0.0,0.0,0.0,False,False,False,False
06073017035,0.0,0.0,0.0,0.0,0.0,0.0,0.0,0.0,0.0,0.0,0.0,False,False,False,False
06073017036,0.005,0.005,0.005,0.0,0.0,0.0,0.0,0.0,0.0,0.0,0.0,False,False,False,False
06073017037,0.99975,0.99975,0.99975,0.0,0.0,0.0,0.0,0.0,0.0,0.0,0.0,False,False,False,False
06073017039,0.00096875,0.00096875,0.00096875,0.0,0.0,0.0,0.0,0.0,0.0,0.0,0.0,False,False,False,False
06073017040,0.00046875,0.00046875,0.00046875,0.0,0.0,0.0,0.0,0.0,0.0,0.0,0.0,False,False,False,False
06073017041,0.71934375,0.71934375,0.71934375,0.0,0.0,0.0,0.0,0.0,0.0,0.0,0.0,False,False,False,False
06073017043,0.9930625,0.9930625,0.9930625,0.0,0.0,0.0,0.0,0.0,0.0,0.0,0.0,False,False,False,False
06073017044,0.61646875,0.61646875,0.61646875,0.0,0.0,0.0,0.0,0.0,0.0,0.0,0.0,False,False,False,False
06073017045,0.3924375,0.3924375,0.3924375,0.0,0.0,0.0,0.0,0.0,0.0,0.0,0.0,False,False,False,False
06073017046,0.985875,0.985875,0.985875,0.0,0.0,0.0,0.0,0.0,0.0,0.0,0.0,False,False,False,False
06073017047,9.375e-05,9.375e-05,9.375e-05,0.0,0.0,0.0,0.0,0.0,0.0,0.0,0.0,False,False,False,False
06073017048,0.0,0.0,0.0,0.0,0.0,0.0,0.0,0.0,0.0,0.0,0.0,False,False,False,False
06073017049,0.0,0.0,0.0,0.0,0.0,0.0,0.0,0.0,0.0,0.0,0.0,False,False,False,False
06073017050,0.0,0.0,0.0,0.0,0.0,0.0,0.0,0.0,0.0,0.0,0.0,False,False,False,False
06073017051,0.0,0.0,0.0,0.0,0.0,0.0,0.0,0.0,0.0,0.0,0.0,False,False,False,False
06073017052,0.351125,0.351125,0.351125,0.0,0.0,0.0,0.0,0.0,0.0,0.0,0.0,False,False,False,False
06073017053,1.0,1.0,0.99921875,0.0,-0.0007812499999999556,0.0,0.0,-0.0010624999999999662,-0.00046875000000001776,0.0,1.0,False,True,False,False
06073017054,0.998375,0.998375,0.9814375,0.0,-0.01693750000000005,0.0,0.0,-0.01837578124999992,-0.01565546874999993,0.0,1.0,False,False,False,False
06073017055,0.0,0.0,0.0,0.0,0.0,0.0,0.0,0.0,0.0,0.0,0.0,False,False,False,False
06073017056,0.0,0.0,0.0,0.0,0.0,0.0,0.0,0.0,0.0,0.0,0.0,False,False,False,False
06073017057,0.47584375,0.47584375,0.47584375,0.0,0.0,0.0,0.0,0.0,0.0,0.0,0.0,False,False,False,False
06073017058,0.023125,0.023125,0.023125,0.0,0.0,0.0,0.0,0.0,0.0,0.0,0.0,False,False,False,False
06073017059,0.9669375,0.9669375,0.37353125,0.0,-0.59340625,0.0,0.0,-0.59862578125,-0.58821328125,0.0,1.0,False,False,False,True
06073017060,1.0,1.0,0.99996875,0.0,-3.125000000003819e-05,0.0,0.0,-9.453125000000447e-05,0.0,0.0,0.645,False,False,False,False
06073017061,0.99971875,0.9995625,0.99971875,-0.00015624999999996891,0.0,-0.00028125000000001066,-3.125000000003819e-05,0.0,0.0,1.0,0.0,False,False,False,False
06073017062,1.0,0.99996875,1.0,-3.125000000003819e-05,0.0,-9.375000000000355e-05,0.0,0.0,0.0,0.6425,0.0,False,False,False,False
06073017063,0.99996875,0.99996875,0.99996875,0.0,0.0,0.0,0.0,0.0,0.0,0.0,0.0,False,False,False,False
06073017064,0.0,0.0,0.0,0.0,0.0,0.0,0.0,0.0,0.0,0.0,0.0,False,False,False,False
06073017065,0.9639375,0.9639375,0.9639375,0.0,0.0,0.0,0.0,0.0,0.0,0.0,0.0,False,False,False,False
06073017066,1.0,1.0,1.0,0.0,0.0,0.0,0.0,0.0,0.0,0.0,0.0,False,False,False,False
06073017067,0.0150625,0.0150625,0.0150625,0.0,0.0,0.0,0.0,0.0,0.0,0.0,0.0,False,False,False,False
06073017068,0.1018125,0.1018125,0.1018125,0.0,0.0,0.0,0.0,0.0,0.0,0.0,0.0,False,False,False,False
06073017069,0.0,0.0,0.0,0.0,0.0,0.0,0.0,0.0,0.0,0.0,0.0,False,False,False,False
06073017070,0.0,0.0,0.0,0.0,0.0,0.0,0.0,0.0,0.0,0.0,0.0,False,False,False,False
06073017071,0.0,0.0,0.0,0.0,0.0,0.0,0.0,0.0,0.0,0.0,0.0,False,False,False,False
06073017104,0.0015625,0.0015625,0.0015625,0.0,0.0,0.0,0.0,0.0,0.0,0.0,0.0,False,False,False,False
06073017106,0.99996875,0.99996875,0.99996875,0.0,0.0,0.0,0.0,0.0,0.0,0.0,0.0,False,False,False,False
06073017107,0.0005625,0.0005625,0.0005625,0.0,0.0,0.0,0.0,0.0,0.0,0.0,0.0,False,False,False,False
06073017108,0.000125,0.000125,0.000125,0.0,0.0,0.0,0.0,0.0,0.0,0.0,0.0,False,False,False,False
06073017109,0.99940625,0.99940625,0.99940625,0.0,0.0,0.0,0.0,0.0,0.0,0.0,0.0,False,False,False,False
06073017111,1.0,1.0,1.0,0.0,0.0,0.0,0.0,0.0,0.0,0.0,0.0,False,False,False,False
06073017112,1.0,1.0,1.0,0.0,0.0,0.0,0.0,0.0,0.0,0.0,0.0,False,False,False,False
06073017113,0.9996875,0.9996875,0.9996875,0.0,0.0,0.0,0.0,0.0,0.0,0.0,0.0,False,False,False,False
06073017201,0.00428125,0.00428125,0.00428125,0.0,0.0,0.0,0.0,0.0,0.0,0.0,0.0,False,False,False,False
06073017202,0.00021875,0.00021875,0.00021875,0.0,0.0,0.0,0.0,0.0,0.0,0.0,0.0,False,False,False,False
06073017303,0.0,0.0,0.0,0.0,0.0,0.0,0.0,0.0,0.0,0.0,0.0,False,False,False,False
06073017305,0.36465625,0.36465625,0.36465625,0.0,0.0,0.0,0.0,0.0,0.0,0.0,0.0,False,False,False,False
06073017306,0.37521875,0.37521875,0.37521875,0.0,0.0,0.0,0.0,0.0,0.0,0.0,0.0,False,False,False,False
06073017307,0.0,0.0,0.0,0.0,0.0,0.0,0.0,0.0,0.0,0.0,0.0,False,False,False,False
06073017308,6.25e-05,6.25e-05,6.25e-05,0.0,0.0,0.0,0.0,0.0,0.0,0.0,0.0,False,False,False,False
06073017403,0.98634375,0.98634375,0.98634375,0.0,0.0,0.0,0.0,0.0,0.0,0.0,0.0,False,False,False,False
06073017405,6.25e-05,6.25e-05,6.25e-05,0.0,0.0,0.0,0.0,0.0,0.0,0.0,0.0,False,False,False,False
06073017406,0.02559375,0.02559375,0.02559375,0.0,0.0,0.0,0.0,0.0,0.0,0.0,0.0,False,False,False,False
06073017407,0.0,0.0,0.0,0.0,0.0,0.0,0.0,0.0,0.0,0.0,0.0,False,False,False,False
06073017408,0.0,0.0,0.0,0.0,0.0,0.0,0.0,0.0,0.0,0.0,0.0,False,False,False,False
06073017501,3.125e-05,3.125e-05,3.125e-05,0.0,0.0,0.0,0.0,0.0,0.0,0.0,0.0,False,False,False,False
06073017502,0.0,0.0,0.0,0.0,0.0,0.0,0.0,0.0,0.0,0.0,0.0,False,False,False,False
06073017601,0.84928125,0.84928125,0.84928125,0.0,0.0,0.0,0.0,0.0,0.0,0.0,0.0,False,False,False,False
06073017603,9.375e-05,9.375e-05,9.375e-05,0.0,0.0,0.0,0.0,0.0,0.0,0.0,0.0,False,False,False,False
06073017605,0.0,0.0,0.0,0.0,0.0,0.0,0.0,0.0,0.0,0.0,0.0,False,False,False,False
06073017606,0.0,0.0,0.0,0.0,0.0,0.0,0.0,0.0,0.0,0.0,0.0,False,False,False,False
06073017701,0.00053125,0.00053125,0.00053125,0.0,0.0,0.0,0.0,0.0,0.0,0.0,0.0,False,False,False,False
06073017702,0.0,0.0,0.0,0.0,0.0,0.0,0.0,0.0,0.0,0.0,0.0,False,False,False,False
06073017801,0.0,0.0,0.0,0.0,0.0,0.0,0.0,0.0,0.0,0.0,0.0,False,False,False,False
06073017808,1.0,1.0,1.0,0.0,0.0,0.0,0.0,0.0,0.0,0.0,0.0,False,False,False,False
06073017809,0.0,0.0,0.0,0.0,0.0,0.0,0.0,0.0,0.0,0.0,0.0,False,False,False,False
06073017810,0.0,0.0,0.0,0.0,0.0,0.0,0.0,0.0,0.0,0.0,0.0,False,False,False,False
06073017811,0.0,0.0,0.0,0.0,0.0,0.0,0.0,0.0,0.0,0.0,0.0,False,False,False,False
06073017813,0.0,0.0,0.0,0.0,0.0,0.0,0.0,0.0,0.0,0.0,0.0,False,False,False,False
06073017901,0.0,0.0,0.0,0.0,0.0,0.0,0.0,0.0,0.0,0.0,0.0,False,False,False,False
06073017902,0.0,0.0,0.0,0.0,0.0,0.0,0.0,0.0,0.0,0.0,0.0,False,False,False,False
06073018000,0.0,0.0,0.0,0.0,0.0,0.0,0.0,0.0,0.0,0.0,0.0,False,False,False,False
06073018101,0.0,0.0,0.0,0.0,0.0,0.0,0.0,0.0,0.0,0.0,0.0,False,False,False,False
06073018102,0.0,0.0,0.0,0.0,0.0,0.0,0.0,0.0,0.0,0.0,0.0,False,False,False,False
06073018201,0.0,0.0,0.0,0.0,0.0,0.0,0.0,0.0,0.0,0.0,0.0,False,False,False,False
06073018202,0.0,0.0,0.0,0.0,0.0,0.0,0.0,0.0,0.0,0.0,0.0,False,False,False,False
06073018301,0.0,0.0,0.0,0.0,0.0,0.0,0.0,0.0,0.0,0.0,0.0,False,False,False,False
06073018302,0.0,0.0,0.0,0.0,0.0,0.0,0.0,0.0,0.0,0.0,0.0,False,False,False,False
06073018400,0.0,0.0,0.0,0.0,0.0,0.0,0.0,0.0,0.0,0.0,0.0,False,False,False,False
06073018504,0.0,0.0,0.0,0.0,0.0,0.0,0.0,0.0,0.0,0.0,0.0,False,False,False,False
06073018509,0.0,0.0,0.0,0.0,0.0,0.0,0.0,0.0,0.0,0.0,0.0,False,False,False,False
06073018510,0.0,0.0,0.0,0.0,0.0,0.0,0.0,0.0,0.0,0.0,0.0,False,False,False,False
06073018511,0.0,0.0,0.0,0.0,0.0,0.0,0.0,0.0,0.0,0.0,0.0,False,False,False,False
06073018512,0.89421875,0.89421875,0.89421875,0.0,0.0,0.0,0.0,0.0,0.0,0.0,0.0,False,False,False,False
06073018515,0.02471875,0.02471875,0.02471875,0.0,0.0,0.0,0.0,0.0,0.0,0.0,0.0,False,False,False,False
06073018516,0.00021875,0.00021875,0.00021875,0.0,0.0,0.0,0.0,0.0,0.0,0.0,0.0,False,False,False,False
06073018517,0.0,0.0,0.0,0.0,0.0,0.0,0.0,0.0,0.0,0.0,0.0,False,False,False,False
06073018518,0.0,0.0,0.0,0.0,0.0,0.0,0.0,0.0,0.0,0.0,0.0,False,False,False,False
06073018519,0.0,0.0,0.0,0.0,0.0,0.0,0.0,0.0,0.0,0.0,0.0,False,False,False,False
06073018520,0.99103125,0.99103125,0.99103125,0.0,0.0,0.0,0.0,0.0,0.0,0.0,0.0,False,False,False,False
06073018521,9.375e-05,9.375e-05,9.375e-05,0.0,0.0,0.0,0.0,0.0,0.0,0.0,0.0,False,False,False,False
06073018522,0.00121875,0.00121875,0.00121875,0.0,0.0,0.0,0.0,0.0,0.0,0.0,0.0,False,False,False,False
06073018523,0.0,0.0,0.0,0.0,0.0,0.0,0.0,0.0,0.0,0.0,0.0,False,False,False,False
06073018524,0.98975,0.98975,0.98975,0.0,0.0,0.0,0.0,0.0,0.0,0.0,0.0,False,False,False,False
06073018525,0.998125,0.998125,0.998125,0.0,0.0,0.0,0.0,0.0,0.0,0.0,0.0,False,False,False,False
06073018601,0.00109375,0.00109375,0.00109375,0.0,0.0,0.0,0.0,0.0,0.0,0.0,0.0,False,False,False,False
06073018608,0.99940625,0.99940625,0.99940625,0.0,0.0,0.0,0.0,0.0,0.0,0.0,0.0,False,False,False,False
06073018609,0.02428125,0.02428125,0.02428125,0.0,0.0,0.0,0.0,0.0,0.0,0.0,0.0,False,False,False,False
06073018612,1.0,1.0,1.0,0.0,0.0,0.0,0.0,0.0,0.0,0.0,0.0,False,False,False,False
06073018613,0.01896875,0.01896875,0.01896875,0.0,0.0,0.0,0.0,0.0,0.0,0.0,0.0,False,False,False,False
06073018615,0.0,0.0,0.0,0.0,0.0,0.0,0.0,0.0,0.0,0.0,0.0,False,False,False,False
06073018616,0.0,0.0,0.0,0.0,0.0,0.0,0.0,0.0,0.0,0.0,0.0,False,False,False,False
06073018617,1.0,1.0,1.0,0.0,0.0,0.0,0.0,0.0,0.0,0.0,0.0,False,False,False,False
06073018618,0.00065625,0.00065625,0.00065625,0.0,0.0,0.0,0.0,0.0,0.0,0.0,0.0,False,False,False,False
06073018619,1.0,1.0,1.0,0.0,0.0,0.0,0.0,0.0,0.0,0.0,0.0,False,False,False,False
06073018620,0.9991875,0.9991875,0.9991875,0.0,0.0,0.0,0.0,0.0,0.0,0.0,0.0,False,False,False,False
06073018621,9.375e-05,9.375e-05,9.375e-05,0.0,0.0,0.0,0.0,0.0,0.0,0.0,0.0,False,False,False,False
06073018622,3.125e-05,3.125e-05,3.125e-05,0.0,0.0,0.0,0.0,0.0,0.0,0.0,0.0,False,False,False,False
06073018801,1.0,1.0,1.0,0.0,0.0,0.0,0.0,0.0,0.0,0.0,0.0,False,False,False,False
06073018803,1.0,1.0,0.99996875,0.0,-3.125000000003819e-05,0.0,0.0,-9.375000000000355e-05,0.0,0.0,0.6475,False,False,False,False
06073018804,1.0,1.0,1.0,0.0,0.0,0.0,0.0,0.0,0.0,0.0,0.0,False,False,False,False
06073018805,1.0,1.0,0.99965625,0.0,-0.000343749999999976,0.0,0.0,-0.0005312499999999831,-0.00012500000000004174,0.0,1.0,False,True,False,False
06073018906,1.0,1.0,1.0,0.0,0.0,0.0,0.0,0.0,0.0,0.0,0.0,False,False,False,False
06073019103,1.0,1.0,1.0,0.0,0.0,0.0,0.0,0.0,0.0,0.0,0.0,False,False,False,False
06073019105,1.0,1.0,1.0,0.0,0.0,0.0,0.0,0.0,0.0,0.0,0.0,False,False,False,False
06073019107,1.0,1.0,0.9995,0.0,-0.0004999999999999449,0.0,0.0,-0.0007507812500000266,-0.00024999999999997247,0.0,1.0,False,True,False,False
06073019108,1.0,1.0,0.99971875,0.0,-0.00028125000000001066,0.0,0.0,-0.00046875000000001776,-0.00012500000000004174,0.0,1.0,False,False,False,False
06073019109,1.0,1.0,1.0,0.0,0.0,0.0,0.0,0.0,0.0,0.0,0.0,False,False,False,False
06073019110,0.99984375,0.99984375,0.99934375,0.0,-0.000500000000000056,0.0,0.0,-0.0007500000000000284,-0.00028125000000001066,0.0,1.0,False,False,False,False
06073019111,0.9999375,0.9999375,0.99921875,0.0,-0.0007187499999999902,0.0,0.0,-0.001031250000000039,-0.000468750000000015,0.0,1.0,False,False,False,False
06073019203,0.99715625,0.99715625,0.967125,0.0,-0.030031249999999954,0.0,0.0,-0.03209374999999992,-0.02840468749999997,0.0,1.0,False,False,False,False
06073019205,0.719625,0.719625,0.719625,0.0,0.0,0.0,0.0,0.0,0.0,0.0,0.0,False,False,False,False
06073019206,6.25e-05,6.25e-05,6.25e-05,0.0,0.0,0.0,0.0,0.0,0.0,0.0,0.0,False,False,False,False
06073019208,0.99928125,0.99928125,0.9278125,0.0,-0.07146874999999997,0.0,0.0,-0.07447343750000009,-0.06899453125000006,0.0,1.0,False,False,False,False
06073019209,1.0,1.0,0.99946875,0.0,-0.0005312499999999831,0.0,0.0,-0.0008124999999999938,-0.00031250000000004885,0.0,1.0,False,True,False,False
06073019210,0.0015,0.0015,0.000375,0.0,-0.0011250000000000001,0.0,0.0,-0.0015,-0.00078125,0.0,1.0,False,False,False,False
06073019301,0.9991875,0.9991875,0.9991875,0.0,0.0,0.0,0.0,0.0,0.0,0.0,0.0,False,False,False,False
06073019303,0.978125,0.978125,0.52475,0.0,-0.453375,0.0,0.0,-0.45881406249999995,-0.44762187499999995,0.0,1.0,False,False,False,False
06073019304,0.0,0.0,0.0,0.0,0.0,0.0,0.0,0.0,0.0,0.0,0.0,False,False,False,False
06073019305,0.0,0.0,0.0,0.0,0.0,0.0,0.0,0.0,0.0,0.0,0.0,False,False,False,False
06073019403,0.00078125,0.00078125,0.00078125,0.0,0.0,0.0,0.0,0.0,0.0,0.0,0.0,False,False,False,False
06073019404,3.125e-05,3.125e-05,3.125e-05,0.0,0.0,0.0,0.0,0.0,0.0,0.0,0.0,False,False,False,False
06073019405,0.0,0.0,0.0,0.0,0.0,0.0,0.0,0.0,0.0,0.0,0.0,False,False,False,False
06073019406,0.0,0.0,0.0,0.0,0.0,0.0,0.0,0.0,0.0,0.0,0.0,False,False,False,False
06073019501,0.0,0.0,0.0,0.0,0.0,0.0,0.0,0.0,0.0,0.0,0.0,False,False,False,False
06073019502,0.0,0.0,0.0,0.0,0.0,0.0,0.0,0.0,0.0,0.0,0.0,False,False,False,False
06073019503,0.0,0.0,0.0,0.0,0.0,0.0,0.0,0.0,0.0,0.0,0.0,False,False,False,False
06073019601,0.00215625,0.00215625,0.000375,0.0,-0.0017812500000000003,0.0,0.0,-0.00221953125,-0.0013125,0.0,1.0,False,False,False,False
06073019602,0.00125,0.00125,0.00125,0.0,0.0,0.0,0.0,0.0,0.0,0.0,0.0,False,False,False,False
06073019701,0.00234375,0.00234375,0.00234375,0.0,0.0,0.0,0.0,0.0,0.0,0.0,0.0,False,False,False,False
06073019702,0.00090625,0.00090625,0.00090625,0.0,0.0,0.0,0.0,0.0,0.0,0.0,0.0,False,False,False,False
06073019803,0.00028125,0.00028125,0.00028125,0.0,0.0,0.0,0.0,0.0,0.0,0.0,0.0,False,False,False,False
06073019804,0.0,0.0,0.0,0.0,0.0,0.0,0.0,0.0,0.0,0.0,0.0,False,False,False,False
06073019805,0.0,0.0,0.0,0.0,0.0,0.0,0.0,0.0,0.0,0.0,0.0,False,False,False,False
06073019808,1.0,1.0,1.0,0.0,0.0,0.0,0.0,0.0,0.0,0.0,0.0,False,False,False,False
06073019809,0.00015625,0.00015625,0.00015625,0.0,0.0,0.0,0.0,0.0,0.0,0.0,0.0,False,False,False,False
06073019810,0.0,0.0,0.0,0.0,0.0,0.0,0.0,0.0,0.0,0.0,0.0,False,False,False,False
06073019811,0.0,0.0,0.0,0.0,0.0,0.0,0.0,0.0,0.0,0.0,0.0,False,False,False,False
06073019902,0.0,0.0,0.0,0.0,0.0,0.0,0.0,0.0,0.0,0.0,0.0,False,False,False,False
06073019903,0.00021875,0.00021875,0.00021875,0.0,0.0,0.0,0.0,0.0,0.0,0.0,0.0,False,False,False,False
06073019904,0.0,0.0,0.0,0.0,0.0,0.0,0.0,0.0,0.0,0.0,0.0,False,False,False,False
06073019905,0.0,0.0,0.0,0.0,0.0,0.0,0.0,0.0,0.0,0.0,0.0,False,False,False,False
06073020015,0.99915625,0.99915625,0.99915625,0.0,0.0,0.0,0.0,0.0,0.0,0.0,0.0,False,False,False,False
06073020017,0.0,0.0,0.0,0.0,0.0,0.0,0.0,0.0,0.0,0.0,0.0,False,False,False,False
06073020019,0.0,0.0,0.0,0.0,0.0,0.0,0.0,0.0,0.0,0.0,0.0,False,False,False,False
06073020021,0.0,0.0,0.0,0.0,0.0,0.0,0.0,0.0,0.0,0.0,0.0,False,False,False,False
06073020023,0.0,0.0,0.0,0.0,0.0,0.0,0.0,0.0,0.0,0.0,0.0,False,False,False,False
06073020024,0.0,0.0,0.0,0.0,0.0,0.0,0.0,0.0,0.0,0.0,0.0,False,False,False,False
06073020025,0.0,0.0,0.0,0.0,0.0,0.0,0.0,0.0,0.0,0.0,0.0,False,False,False,False
06073020026,0.0,0.0,0.0,0.0,0.0,0.0,0.0,0.0,0.0,0.0,0.0,False,False,False,False
06073020028,0.0,0.0,0.0,0.0,0.0,0.0,0.0,0.0,0.0,0.0,0.0,False,False,False,False
06073020029,0.0,0.0,0.0,0.0,0.0,0.0,0.0,0.0,0.0,0.0,0.0,False,False,False,False
06073020030,0.0,0.0,0.0,0.0,0.0,0.0,0.0,0.0,0.0,0.0,0.0,False,False,False,False
06073020031,0.00646875,0.00646875,0.00646875,0.0,0.0,0.0,0.0,0.0,0.0,0.0,0.0,False,False,False,False
06073020032,1.0,1.0,1.0,0.0,0.0,0.0,0.0,0.0,0.0,0.0,0.0,False,False,False,False
06073020033,0.9999375,0.9999375,0.9999375,0.0,0.0,0.0,0.0,0.0,0.0,0.0,0.0,False,False,False,False
06073020034,3.125e-05,3.125e-05,3.125e-05,0.0,0.0,0.0,0.0,0.0,0.0,0.0,0.0,False,False,False,False
06073020035,0.02215625,0.02215625,0.02215625,0.0,0.0,0.0,0.0,0.0,0.0,0.0,0.0,False,False,False,False
06073020036,0.0,0.0,0.0,0.0,0.0,0.0,0.0,0.0,0.0,0.0,0.0,False,False,False,False
06073020037,0.0,0.0,0.0,0.0,0.0,0.0,0.0,0.0,0.0,0.0,0.0,False,False,False,False
06073020038,0.99925,0.99925,0.99925,0.0,0.0,0.0,0.0,0.0,0.0,0.0,0.0,False,False,False,False
06073020039,3.125e-05,3.125e-05,3.125e-05,0.0,0.0,0.0,0.0,0.0,0.0,0.0,0.0,False,False,False,False
06073020040,9.375e-05,9.375e-05,9.375e-05,0.0,0.0,0.0,0.0,0.0,0.0,0.0,0.0,False,False,False,False
06073020041,0.0,0.0,0.0,0.0,0.0,0.0,0.0,0.0,0.0,0.0,0.0,False,False,False,False
06073020042,0.99803125,0.99803125,0.99803125,0.0,0.0,0.0,0.0,0.0,0.0,0.0,0.0,False,False,False,False
06073020043,0.99828125,0.99828125,0.99828125,0.0,0.0,0.0,0.0,0.0,0.0,0.0,0.0,False,False,False,False
06073020044,1.0,1.0,1.0,0.0,0.0,0.0,0.0,0.0,0.0,0.0,0.0,False,False,False,False
06073020105,9.375e-05,9.375e-05,3.125e-05,0.0,-6.25e-05,0.0,0.0,-0.00015625,0.0,0.0,0.835,False,False,False,False
06073020106,0.9999375,0.9999375,0.99965625,0.0,-0.00028125000000001066,0.0,0.0,-0.00046875000000001776,-0.00012421874999993325,0.0,1.0,False,False,False,False
06073020107,0.0,0.0,0.0,0.0,0.0,0.0,0.0,0.0,0.0,0.0,0.0,False,False,False,False
06073020108,0.0,0.0,0.0,0.0,0.0,0.0,0.0,0.0,0.0,0.0,0.0,False,False,False,False
06073020109,0.0,0.0,0.0,0.0,0.0,0.0,0.0,0.0,0.0,0.0,0.0,False,False,False,False
06073020110,0.99996875,0.99996875,0.9999375,0.0,-3.124999999992717e-05,0.0,0.0,-9.375000000000355e-05,0.0,0.0,0.6475,False,False,False,False
06073020111,1.0,1.0,0.9996875,0.0,-0.00031250000000004885,0.0,0.0,-0.0005312499999999831,-0.00012500000000004174,0.0,1.0,False,True,False,False
06073020202,0.0,0.0,0.0,0.0,0.0,0.0,0.0,0.0,0.0,0.0,0.0,False,False,False,False
06073020206,0.0,0.0,0.0,0.0,0.0,0.0,0.0,0.0,0.0,0.0,0.0,False,False,False,False
06073020207,0.0,0.0,0.0,0.0,0.0,0.0,0.0,0.0,0.0,0.0,0.0,False,False,False,False
06073020208,0.0,0.0,0.0,0.0,0.0,0.0,0.0,0.0,0.0,0.0,0.0,False,False,False,False
06073020209,0.0,0.0,0.0,0.0,0.0,0.0,0.0,0.0,0.0,0.0,0.0,False,False,False,False
06073020210,0.0,0.0,0.0,0.0,0.0,0.0,0.0,0.0,0.0,0.0,0.0,False,False,False,False
06073020211,0.0,0.0,0.0,0.0,0.0,0.0,0.0,0.0,0.0,0.0,0.0,False,False,False,False
06073020213,0.0,0.0,0.0,0.0,0.0,0.0,0.0,0.0,0.0,0.0,0.0,False,False,False,False
06073020214,0.0,0.0,0.0,0.0,0.0,0.0,0.0,0.0,0.0,0.0,0.0,False,False,False,False
06073020304,1.0,1.0,0.99990625,0.0,-9.375000000000355e-05,0.0,0.0,-0.0002187500000000453,0.0,0.0,0.96,False,False,False,False
06073020305,0.002875,0.002875,0.002875,0.0,0.0,0.0,0.0,0.0,0.0,0.0,0.0,False,False,False,False
06073020308,0.0,0.0,0.0,0.0,0.0,0.0,0.0,0.0,0.0,0.0,0.0,False,False,False,False
06073020309,0.0,0.0,0.0,0.0,0.0,0.0,0.0,0.0,0.0,0.0,0.0,False,False,False,False
06073020310,0.01971875,0.01971875,0.01971875,0.0,0.0,0.0,0.0,0.0,0.0,0.0,0.0,False,False,False,False
06073020311,0.985625,0.985625,0.225375,0.0,-0.76025,0.0,0.0,-0.76447421875,-0.75543359375,0.0,1.0,False,False,False,True
06073020312,1.0,1.0,0.99503125,0.0,-0.004968749999999966,0.0,0.0,-0.0056874999999999565,-0.004186718750000011,0.0,1.0,False,True,False,False
06073020313,0.0,0.0,0.0,0.0,0.0,0.0,0.0,0.0,0.0,0.0,0.0,False,False,False,False
06073020401,1.0,1.0,1.0,0.0,0.0,0.0,0.0,0.0,0.0,0.0,0.0,False,False,False,False
06073020403,0.0,0.0,0.0,0.0,0.0,0.0,0.0,0.0,0.0,0.0,0.0,False,False,False,False
06073020404,0.000125,0.000125,0.0,0.0,-0.000125,0.0,0.0,-0.00025,-3.125e-05,0.0,0.9925,False,False,False,False
06073020405,0.981125,0.981125,0.981125,0.0,0.0,0.0,0.0,0.0,0.0,0.0,0.0,False,False,False,False
06073020500,0.0,0.0,0.0,0.0,0.0,0.0,0.0,0.0,0.0,0.0,0.0,False,False,False,False
06073020601,0.0,0.0,0.0,0.0,0.0,0.0,0.0,0.0,0.0,0.0,0.0,False,False,False,False
06073020602,0.0,0.0,0.0,0.0,0.0,0.0,0.0,0.0,0.0,0.0,0.0,False,False,False,False
06073020705,0.00090625,0.00090625,0.00090625,0.0,0.0,0.0,0.0,0.0,0.0,0.0,0.0,False,False,False,False
06073020706,0.99971875,0.99971875,0.99925,0.0,-0.00046875000000001776,0.0,0.0,-0.0007500000000000284,-0.00024999999999997247,0.0,1.0,False,False,False,False
06073020707,0.0,0.0,0.0,0.0,0.0,0.0,0.0,0.0,0.0,0.0,0.0,False,False,False,False
06073020708,0.89625,0.89625,0.89625,0.0,0.0,0.0,0.0,0.0,0.0,0.0,0.0,False,False,False,False
06073020710,1.0,1.0,1.0,0.0,0.0,0.0,0.0,0.0,0.0,0.0,0.0,False,False,False,False
06073020711,1.0,1.0,0.99971875,0.0,-0.00028125000000001066,0.0,0.0,-0.00043828124999998046,-0.0001242187500000415,0.0,1.0,False,True,False,False
06073020712,1.0,1.0,0.99990625,0.0,-9.375000000000355e-05,0.0,0.0,-0.00018828125000000802,0.0,0.0,0.9525,False,False,False,False
06073020801,1.0,1.0,1.0,0.0,0.0,0.0,0.0,0.0,0.0,0.0,0.0,False,False,False,False
06073020805,0.99959375,0.99959375,0.99959375,0.0,0.0,0.0,0.0,0.0,0.0,0.0,0.0,False,False,False,False
06073020806,0.99921875,0.99921875,0.99921875,0.0,0.0,0.0,0.0,0.0,0.0,0.0,0.0,False,False,False,False
06073020807,1.0,1.0,1.0,0.0,0.0,0.0,0.0,0.0,0.0,0.0,0.0,False,False,False,False
06073020810,1.0,1.0,1.0,0.0,0.0,0.0,0.0,0.0,0.0,0.0,0.0,False,False,False,False
06073020811,1.0,1.0,1.0,0.0,0.0,0.0,0.0,0.0,0.0,0.0,0.0,False,False,False,False
06073020812,0.99990625,0.99990625,0.99990625,0.0,0.0,0.0,0.0,0.0,0.0,0.0,0.0,False,False,False,False
06073020813,1.0,1.0,1.0,0.0,0.0,0.0,0.0,0.0,0.0,0.0,0.0,False,False,False,False
06073021204,1.0,1.0,1.0,0.0,0.0,0.0,0.0,0.0,0.0,0.0,0.0,False,False,False,False
06073021205,0.99940625,0.99940625,0.99940625,0.0,0.0,0.0,0.0,0.0,0.0,0.0,0.0,False,False,False,False
06073021206,1.0,1.0,1.0,0.0,0.0,0.0,0.0,0.0,0.0,0.0,0.0,False,False,False,False
06073021304,1.0,1.0,0.9999375,0.0,-6.249999999996536e-05,0.0,0.0,-0.00015703124999996983,0.0,0.0,0.84,False,False,False,False
06073021305,1.0,1.0,0.9999375,0.0,-6.249999999996536e-05,0.0,0.0,-0.00015624999999996891,0.0,0.0,0.885,False,False,False,False
06073021306,1.0,1.0,0.9993125,0.0,-0.000687499999999952,0.0,0.0,-0.0009382812500000337,-0.0004062500000000524,0.0,1.0,False,True,False,False
06073021401,0.0,0.0,0.0,0.0,0.0,0.0,0.0,0.0,0.0,0.0,0.0,False,False,False,False
06073021402,0.0,0.0,0.0,0.0,0.0,0.0,0.0,0.0,0.0,0.0,0.0,False,False,False,False
06073021501,0.9973125,0.99125,0.9973125,-0.006062500000000082,0.0,-0.00693749999999993,-0.005250000000000085,0.0,0.0,1.0,0.0,False,False,False,False
06073021502,0.99990625,0.999375,0.99990625,-0.0005312499999999831,0.0,-0.0008124999999999938,-0.00031171874999994035,0.0,0.0,1.0,0.0,False,False,False,False
06073021600,1.0,1.0,1.0,0.0,0.0,0.0,0.0,0.0,0.0,0.0,0.0,False,False,False,False
06073021800,0.007125,0.007125,0.007125,0.0,0.0,0.0,0.0,0.0,0.0,0.0,0.0,False,False,False,False
06073021900,3.125e-05,0.0,0.0,-3.125e-05,-3.125e-05,-9.375e-05,0.0,-9.375e-05,0.0,0.63,0.63,False,False,False,False
06073022000,0.0,0.0,0.0,0.0,0.0,0.0,0.0,0.0,0.0,0.0,0.0,False,False,False,False
06073022101,0.0,0.0,0.0,0.0,0.0,0.0,0.0,0.0,0.0,0.0,0.0,False,False,False,False
06073022102,0.0,0.0,0.0,0.0,0.0,0.0,0.0,0.0,0.0,0.0,0.0,False,False,False,False
