GEOID,Jobs (LODES)_desert,Hospitals_desert,Groceries_desert,Schools_desert,n_deserts,multi_desert,disadvantage_z,posterior_mean_jobs
06073000100,False,False,False,False,0,False,-1.2178216588088977,48968.62038188872
06073000201,False,False,False,False,0,False,0.6819436773037743,32603.042229183648
06073000202,False,False,False,False,0,False,-0.1829616101648927,58406.71483906938
06073000301,False,False,False,False,0,False,1.0067532395021954,46732.727973105444
06073000302,False,False,False,False,0,False,0.3641074775635821,84832.76594688452
06073000400,False,False,False,False,0,False,1.0206126943008222,51790.31778539999
06073000500,False,False,False,False,0,False,0.3650241607303577,33096.91568623111
06073000600,False,False,False,False,0,False,0.4621890502314649,42649.52254868504
06073000700,False,False,False,False,0,False,0.5413692609555584,46849.69711419423
06073000800,False,False,False,False,0,False,0.2510726454946559,43172.85148639507
06073000901,False,False,False,False,0,False,0.8345135870419281,40818.62069191856
06073000902,False,False,False,False,0,False,1.495564112036653,42896.38741566099
06073001000,False,False,False,False,0,False,0.4656011478427325,36786.33566418617
06073001100,False,False,False,False,0,False,-0.033978567454201,16525.20504175503
06073001201,False,False,False,False,0,False,1.194874937736952,19574.320647940163
06073001202,False,False,False,False,0,False,0.5630022857282193,21586.2153989568
06073001301,False,False,False,False,0,False,0.1985270682986571,20174.47657238691
06073001302,False,False,False,False,0,False,0.3063716184635215,22900.476129031136
06073001400,False,False,False,False,0,False,0.5270302765618714,25775.547549700015
06073001500,False,False,False,False,0,False,-0.1709108001730435,22796.446999034248
06073001600,False,False,False,False,0,False,1.298098315611432,21865.50685675237
06073001700,False,False,False,False,0,False,0.2794211549133719,20039.018636267177
06073001801,False,False,False,False,0,False,0.2176551820568857,14546.8012051537
06073001802,False,False,False,False,0,False,1.0016459679474792,15342.225659572456
06073001900,False,False,False,False,0,False,0.2187203433494853,11181.858293630003
06073002001,False,False,False,False,0,False,-0.8059619033389961,11867.123202480594
06073002002,False,False,False,False,0,False,-0.4968949673923244,10663.369032744358
06073002100,False,False,False,False,0,False,0.5370924274009377,14799.788653057667
06073002201,False,False,False,False,0,False,2.224813828631451,19879.78757428459
06073002202,False,False,False,False,0,False,2.097811781123848,17746.154394303456
06073002301,False,False,False,False,0,False,0.6990785390108668,13088.235476218235
06073002302,False,False,False,False,0,False,2.0629166979451314,15856.600979100462
06073002401,False,False,False,False,0,False,0.9562252303650206,17770.146741547942
06073002402,False,False,False,False,0,False,1.4255924028780942,15606.295008890269
06073002501,False,True,False,False,1,False,1.2513328244038435,16439.031273857476
06073002502,False,True,True,False,2,False,0.5301130086012872,9140.650483578838
06073002601,False,False,False,False,0,False,1.1555700696199602,15150.648170070526
06073002602,False,False,False,False,0,False,1.0520506826945313,12600.373097261401
06073002702,False,False,False,False,0,False,0.5944726197281253,21293.654679351464
06073002703,False,False,False,False,0,False,0.2026298005791746,11699.08824777756
06073002705,False,False,False,False,0,False,0.8330772461396633,10993.550276217453
06073002707,False,False,False,False,0,False,2.0421601286478626,17795.793859691978
06073002708,False,False,False,False,0,False,1.9692672232359216,25608.209486851047
06073002709,False,False,False,False,0,False,2.1035774959967823,15289.560071481603
06073002710,False,False,False,False,0,False,1.0640414530123945,13614.997208738845
06073002711,False,False,False,False,0,False,0.0245623816477954,9044.737570992604
06073002712,False,False,False,False,0,False,1.5301455398757804,9523.152781464982
06073002801,False,False,False,False,0,False,0.6011096034002114,12692.499952002649
06073002803,False,False,False,False,0,False,1.099307834929611,15854.298029968564
06073002804,False,False,False,False,0,False,0.5818017707714785,16234.335114392794
06073002902,False,False,False,False,0,False,0.7042304081272445,19709.878787505026
06073002903,False,False,False,False,0,False,0.3484184809388757,17081.005995979693
06073002904,False,False,False,False,0,False,1.7713114206142595,18657.42151321678
06073002905,False,False,False,False,0,False,1.2928127627983137,15305.6099370418
06073003001,False,False,False,False,0,False,0.1154296658938609,8885.525446010228
06073003003,False,True,False,False,1,False,0.4087861801747146,4607.860446752663
06073003004,False,True,False,False,1,False,0.5834785233451485,6523.533546000168
06073003101,False,False,False,False,0,False,0.0543414967071251,10736.264780141408
06073003103,False,True,False,False,1,False,0.0150916736749134,4588.256841246989
06073003105,True,True,False,False,2,False,-0.0860322721269244,4230.9465064647675
06073003107,False,True,False,False,1,False,0.0483904061492389,4746.570536997322
06073003108,True,True,False,False,2,False,-0.0703935642223417,3999.2218326985285
06073003109,False,False,False,False,0,False,-0.1424777467047868,6327.250179808916
06073003111,False,False,False,False,0,False,1.5591460716880754,9419.966241628012
06073003112,False,False,False,False,0,False,-0.1590740827992392,6599.767199703562
06073003113,False,False,False,False,0,False,-0.1983518103279833,8173.9567850280955
06073003114,True,True,False,False,2,False,-0.0494474776004681,2093.7970726283647
06073003115,False,True,False,False,1,False,0.970825555706393,4923.968016174823
06073003201,False,False,False,False,0,False,0.1348171193599339,6526.492987247611
06073003202,False,False,False,False,0,False,-0.1431136844210574,8195.819298157836
06073003204,False,False,True,False,1,False,-0.0227620421152711,5498.254484237968
06073003207,True,True,True,True,4,True,-0.2446002424271614,2534.62457965276
06073003208,True,True,True,False,3,True,0.3393965956934965,3215.67670366289
06073003209,True,True,False,False,2,False,-0.0395137860464223,2975.516679250963
06073003211,True,False,True,False,2,False,-0.0515193796795565,4174.638814018955
06073003212,False,False,True,False,1,False,-0.001500597059709,6420.332081397941
06073003213,True,True,False,False,2,False,-0.3833465828120472,3707.8876206082277
06073003214,True,True,False,False,2,False,-0.0304032589944582,3513.643203357875
06073003301,False,False,False,False,0,False,0.9562297820643292,14436.90747487854
06073003303,False,False,False,False,0,False,0.8631952857189115,15480.548067958014
06073003304,False,False,False,False,0,False,1.5026260402528155,13352.799180105792
06073003305,False,False,False,False,0,False,1.2713105939310665,15860.627144546175
06073003401,False,False,False,False,0,False,0.5528386952359389,14274.817445861814
06073003403,False,False,False,False,0,False,0.72117827971255,14816.211824096768
06073003404,False,False,False,False,0,False,0.1223923833474593,11877.154283334352
06073003501,False,False,False,False,0,False,1.289466933730865,15207.746862801425
06073003502,False,False,False,False,0,False,1.4342206096128345,16207.442183204634
06073003601,False,False,False,False,0,False,0.6566393435724763,14964.690370487411
06073003602,False,False,False,False,0,False,0.8138740331048471,17724.697919376347
06073003603,False,False,False,False,0,False,1.039540822744861,25644.929899878956
06073003800,False,True,True,True,3,True,-0.4996321377588829,4946.5843287784
06073003901,False,False,False,False,0,False,0.8280625140462075,27711.628300936234
06073003902,False,False,False,False,0,False,1.4206989089240425,27231.593643145683
06073004000,False,False,False,False,0,False,1.074798819333862,28939.86896463853
06073004101,False,False,False,False,0,False,0.6050802815968904,29772.357800842823
06073004102,False,False,False,False,0,False,1.7116450178903018,76784.29276022321
06073004200,False,True,False,False,1,False,-0.5784425486832281,8936.517371740725
06073004300,False,False,False,False,0,False,0.0215316524009573,16697.310366135618
06073004400,False,False,False,False,0,False,0.0991795172687325,34083.44740174439
06073004501,False,False,False,False,0,False,0.9296086487306192,79391.17688675341
06073004600,False,False,False,False,0,False,1.2945161415991076,82165.015113365
06073004700,False,False,False,False,0,False,0.8102122270275013,74144.36346601672
06073004800,False,False,False,False,0,False,1.4562924847475731,69230.42500624154
06073004900,False,False,False,False,0,False,1.834358202692828,40504.84167104544
06073005000,False,False,False,False,0,False,2.074624781102489,56748.8186289002
06073005101,False,False,False,False,0,False,1.977559719051885,76119.54706555707
06073005102,False,False,False,False,0,False,2.233357669408602,81851.52500137361
06073005103,False,False,False,False,0,False,3.358170441189166,63514.29734015638
06073005201,False,False,False,False,0,False,1.1855968353353543,83241.464930948
06073005202,False,False,False,False,0,False,3.52175972061918,84137.50624968714
06073005301,False,False,False,False,0,False,2.7564022945738373,88757.31537145027
06073005302,False,False,False,False,0,False,0.8531465466292896,84920.95339621551
06073005401,False,False,False,False,0,False,0.3193726423034097,78852.0309087366
06073005402,False,False,False,False,0,False,0.5740679897650426,75626.39473414797
06073005403,False,False,False,False,0,False,0.1132181563931149,79040.72155827376
06073005500,False,False,False,False,0,False,-0.5236682336308077,75664.56980591112
06073005601,False,False,False,False,0,False,4.320491586180137,79910.9358294126
06073005602,False,False,False,False,0,False,0.3171944362750259,83610.77590504466
06073005700,False,False,False,False,0,False,2.4991042330673023,96801.24381356814
06073005801,False,False,False,False,0,False,1.6825504298244145,100234.05250565085
06073005802,False,False,False,False,0,False,-0.3354503719648814,81975.01286504907
06073005900,False,False,False,False,0,False,1.672434636401963,95628.76448691043
06073006000,False,False,False,False,0,False,0.8926099928568458,94237.88329591313
06073006100,False,False,False,False,0,False,0.0540439718719686,98471.23062920794
06073006200,False,False,False,True,1,False,-0.5236682336308077,15939.97504179155
06073006300,False,False,False,False,0,False,-0.5236682336308077,30831.22677083632
06073006500,False,False,False,False,0,False,2.721564051701073,33908.37095315144
06073006600,False,False,False,False,0,False,-0.1208087315955241,27287.315110653413
06073006801,False,False,False,False,0,False,0.3206579308564866,28744.217899604024
06073006802,False,False,False,False,0,False,1.131784117702301,27257.53603763487
06073006900,False,False,False,False,0,False,-0.4500738879748505,28515.86756819753
06073007002,False,False,False,False,0,False,-0.5789888182317723,17416.297795821483
06073007100,False,False,False,False,0,False,-0.3604424959005909,11083.061871497943
06073007200,False,False,False,False,0,False,-0.8531778148728968,8774.0585878522
06073007302,False,False,False,False,0,False,-0.9531894461851914,15052.837091295925
06073007303,False,False,False,False,0,False,-0.3744424651861355,10063.686186835275
06073007304,False,False,False,False,0,False,0.5285604698866337,8004.506717569037
06073007401,False,False,False,False,0,False,0.613711790684122,14752.945069923217
06073007402,False,False,False,False,0,False,-0.1337260203483475,15400.01509343111
06073007501,False,False,False,False,0,False,0.6990417013639695,13931.018629159313
06073007502,False,False,False,False,0,False,0.4725288309113053,8561.79751365695
06073007601,False,False,True,True,2,False,0.5516323285655766,4887.967971239168
06073007602,True,False,True,True,3,True,0.879695363291029,3118.6825123895937
06073007701,False,False,False,False,0,False,-0.1173588606633176,12883.161499963575
06073007702,False,False,False,False,0,False,-0.0337711852129732,12861.143124508757
06073007800,False,False,False,False,0,False,0.1503857772545698,13040.785449006364
06073007905,False,False,False,False,0,False,0.3555184298434868,12429.528884423175
06073007907,False,False,False,False,0,False,0.3310415734219054,14124.198576945011
06073007908,False,False,False,False,0,False,0.2338093626724554,13191.4722229107
06073007910,False,False,False,False,0,False,0.255800528933136,11156.795336812631
06073007911,False,False,False,False,0,False,0.4770036234770701,11758.322955287691
06073007912,False,False,False,False,0,False,-0.0028066363250097,11591.02866135369
06073008002,False,False,False,False,0,False,-0.9254172360063057,11522.428371736118
06073008003,False,False,False,False,0,False,-0.4069401887661851,12710.372968966954
06073008006,False,False,False,False,0,False,-0.3724097213670298,10892.550583776625
06073008101,False,False,False,False,0,False,-0.0222759993845654,11049.911562930109
06073008102,False,False,False,False,0,False,-0.9065899455858508,11936.578406277516
06073008201,False,False,False,False,0,False,-0.0043278823116396,10119.173038594243
06073008202,False,False,False,False,0,False,2.434332382523154,8998.226559975703
06073008301,False,False,False,False,0,False,-1.2584240592448006,5852.5436421092445
06073008303,False,False,False,False,0,False,-1.0410175036061953,7903.563431803421
06073008305,False,False,False,False,0,False,0.313179794634533,59705.58513722046
06073008306,True,True,False,False,2,False,-1.08869080123739,3399.7886793165085
06073008307,False,False,False,False,0,False,0.0008927207087381,26649.506126527744
06073008310,False,False,True,False,1,False,-0.6250915543220728,5854.640095246057
06073008311,False,False,False,False,0,False,-1.3997580933262377,7919.977591240584
06073008312,False,False,False,True,1,False,-0.4293613877056894,37690.72151971077
06073008313,False,False,False,True,1,False,-1.0615035696949884,33571.731692912756
06073008324,False,False,False,False,0,False,-0.9172053514699048,14956.293366006277
06073008327,False,False,False,False,0,False,-0.8399619892647144,16142.436725172935
06073008328,True,False,True,True,3,True,-1.3335094072813949,937.923254000048
06073008330,False,False,False,False,0,False,-0.6308629740632714,17130.035953020113
06073008331,False,False,False,False,0,False,-1.1963808879607642,15933.719744240501
06073008336,False,False,True,False,1,False,-1.1736753843498229,6044.264996837356
06073008337,False,False,True,False,1,False,-1.022799207836012,5616.445443466714
06073008339,False,False,True,True,2,False,1.6423261133730538,42472.85537857949
06073008343,False,False,False,False,0,False,1.286228281871524,58100.20289562261
06073008344,False,False,False,True,1,False,-0.8913877604640533,22514.90961249529
06073008345,False,True,True,True,3,True,0.2360240381060351,4958.118855615292
06073008346,False,False,True,True,2,False,-0.9266307155489254,35754.535846195744
06073008347,True,False,False,False,1,False,-0.604165307200443,3305.076009676503
06073008348,False,False,False,False,0,False,-0.4095475490213343,5004.380434709756
06073008349,False,False,False,False,0,False,-0.0965170656384237,7526.655604153913
06073008350,False,False,True,True,2,False,-0.0243406420802063,49081.39026355281
06073008351,False,False,False,False,0,False,-0.5387801888990307,60822.77082649461
06073008352,False,False,False,False,0,False,-0.3534728209300631,7623.408738936635
06073008353,False,False,False,False,0,False,-0.3993639846960017,5382.252514205019
06073008355,False,False,False,False,0,False,-0.5590084172171331,12474.368231006873
06073008356,False,False,False,False,0,False,-0.1642199785815238,7778.595020592259
06073008357,False,False,False,False,0,False,0.4072306796024695,12772.488418507652
06073008358,False,False,False,False,0,False,0.1205197741294094,12546.04061776427
06073008359,False,False,False,False,0,False,0.3512144403369293,21470.79515417483
06073008360,False,True,False,False,1,False,0.1496075585840449,20048.44062994535
06073008361,False,False,False,False,0,False,1.08729969140253,53264.98701188015
06073008362,False,False,False,True,1,False,0.0058811192112629,40090.23339098629
06073008363,False,False,False,False,0,False,2.2818062101018586,54896.08703132376
06073008364,False,False,False,False,0,False,1.3270345258862368,23541.977928260676
06073008365,False,False,False,True,1,False,-1.17349059785521,5599.69509127284
06073008366,False,False,True,False,1,False,-1.3400835663139352,5113.486646781336
06073008367,False,True,True,True,3,True,0.0312474303065343,5259.895669462106
06073008368,False,False,True,False,1,False,-0.9719949433896576,5015.794305120677
06073008369,False,False,False,False,0,False,-0.782383902018227,22571.26334240346
06073008370,False,False,False,False,0,False,-0.6241536205698922,21485.889996512447
06073008371,False,False,True,True,2,False,-0.6752741101156521,47774.409430530024
06073008372,True,False,True,True,3,True,-1.0867482978304377,851.1312720272549
06073008373,False,False,True,True,2,False,-0.9738709831647846,21238.6434846029
06073008374,True,False,True,False,2,False,-1.6007816892368416,3781.406781416383
06073008375,False,False,False,False,0,False,0.9278717704465692,21463.121701608823
06073008376,False,False,False,False,0,False,-0.0394404138721962,52847.562165054274
06073008377,False,False,False,False,0,False,1.943880457995796,54374.05451549844
06073008378,False,False,False,False,0,False,2.261279041390285,54227.309576636224
06073008379,False,False,False,False,0,False,2.986305793867295,54819.41983897858
06073008380,False,False,False,False,0,False,0.1308225561743007,6124.0164902002525
06073008381,False,False,False,False,0,False,-0.7981364751687264,6257.697606992831
06073008501,False,True,True,True,3,True,-0.2996678596360542,6438.0483556976515
06073008502,False,False,False,False,0,False,0.4853274288370821,9901.400226233847
06073008503,False,False,False,False,0,False,0.1060913843037857,10194.609549774817
06073008504,False,False,False,False,0,False,0.0127432111658382,8812.490443914989
06073008505,False,False,False,False,0,False,0.2357790350794334,5739.017584659939
06073008506,False,False,False,False,0,False,0.0296292934439967,7634.45490723354
06073008507,False,False,False,False,0,False,0.2749494701560339,7906.168492962859
06073008509,False,False,False,False,0,False,0.0854286491259365,8740.919563936715
06073008510,False,False,False,False,0,False,0.7784691002600647,27330.404107800827
06073008511,False,False,False,False,0,False,-0.2077993089233007,104728.18111255344
06073008512,False,False,False,False,0,False,0.0590616454551912,8248.236751848295
06073008513,False,False,False,False,0,False,-0.4722026212566872,8419.092961057851
06073008600,False,False,False,False,0,False,0.5936147779837492,29584.24486648617
06073008701,False,False,False,False,0,False,0.2742169094659764,25601.055160689437
06073008702,False,False,False,False,0,False,0.389135131147795,27715.10601426306
06073008800,False,False,False,False,0,False,1.1178006778141911,36789.85589587462
06073008901,False,False,False,False,0,False,0.1012666245608461,34960.00417520835
06073008902,False,False,False,False,0,False,0.3091638675898656,29425.530448397785
06073009000,False,False,False,False,0,False,-0.2035795602023665,32019.094140886664
06073009101,False,False,False,False,0,False,-0.1977458650938143,8463.659286107064
06073009102,False,False,False,False,0,False,0.8873376797707971,7010.573377050236
06073009103,False,False,False,False,0,False,-0.4955585884944617,9366.992550492905
06073009104,False,True,True,False,2,False,-0.4666120397313889,8409.49786104015
06073009107,False,False,False,False,0,False,1.1785704906576246,33788.03240497186
06073009108,False,False,False,False,0,False,-0.0617485322005741,26578.917371156593
06073009109,False,False,False,False,0,False,-1.0832663218833178,26592.311716145436
06073009201,False,False,False,False,0,False,0.2523258454382785,27760.065262869834
06073009203,False,False,True,False,1,False,-0.1106674615150101,35868.07374905256
06073009204,False,False,True,False,1,False,-0.7801220850507806,8682.804875710848
06073009301,False,False,False,False,0,False,-0.0560020080012613,6102.7386965754595
06073009305,False,False,True,False,1,False,-0.2486707623881735,9341.263905027809
06073009306,False,True,True,True,3,True,-0.4145097963835941,5295.562229770653
06073009307,False,False,True,False,1,False,0.2136590879929822,36865.22757927124
06073009308,False,False,False,False,0,False,0.4535164579451375,61451.13145114742
06073009400,True,True,True,True,4,True,-0.247225361433311,701.7106495684673
06073009502,False,False,False,False,0,False,-0.6376067458361325,105711.03656542544
06073009505,True,True,True,True,4,True,-0.3452159715527154,666.0650332442149
06073009506,True,False,True,False,2,False,-0.6147783199144157,2120.6157468026445
06073009507,True,True,True,True,4,True,-0.3212876753377001,744.5624403166589
06073009509,False,False,False,False,0,False,-0.0386954775499185,12641.688042205695
06073009510,True,True,False,False,2,False,0.3850264884583687,1840.1928210403269
06073009511,False,True,True,True,3,True,0.1445946653763883,5557.270303134966
06073009602,False,False,False,True,1,False,-0.6513028789841887,12338.856169715553
06073009603,False,False,False,False,0,False,0.8425620433808115,41528.374010767024
06073009604,False,False,False,False,0,False,0.0590164564688962,12373.971666555457
06073009703,False,False,False,False,0,False,-0.4328808823353495,8960.652563205276
06073009704,True,True,True,False,3,True,-0.1087675787794107,3262.3270257540817
06073009705,True,False,False,True,2,False,-0.5951862997711812,3501.952543108947
06073009706,True,True,True,False,3,True,-0.225027830996964,2644.1265992768726
06073009801,False,False,False,False,0,False,-0.3321784066576881,8961.84936888082
06073009802,False,False,False,False,0,False,0.1194425578956844,16758.106831671685
06073009804,True,False,False,False,1,False,-0.4697618175258455,4107.570083586736
06073009805,True,True,True,True,4,True,-0.1986965729247281,413.038130783083
06073009901,True,True,True,True,4,True,-0.5236682336308077,367.30366911867077
06073009902,False,False,True,True,2,False,0.0,4531.351847036827
06073010001,False,False,False,False,0,False,-0.0309601657222379,14707.97163460244
06073010003,True,False,False,False,1,False,0.2111664434719952,3825.738883531709
06073010004,True,True,False,False,2,False,-0.0891150675051168,4336.98168343389
06073010005,False,True,False,False,1,False,1.7482325491284785,5634.988095197107
06073010009,True,False,False,False,1,False,0.4027390851103118,4155.758044675998
06073010010,False,False,False,False,0,False,0.789888497901342,8448.96814445994
06073010011,False,False,False,False,0,False,-0.2230097134999073,8049.636383474572
06073010012,False,True,False,False,1,False,0.5488821703308058,7862.267791281713
06073010013,False,False,False,False,0,False,0.5459329137142824,7205.599594509025
06073010015,False,True,True,True,3,True,-0.4354881846691845,12599.733628867716
06073010016,True,True,True,True,4,True,-0.5236682336308077,3064.3608077981894
06073010017,True,False,True,True,3,True,-0.1394989525591674,2313.891856545861
06073010018,True,False,True,True,3,True,-0.5908266039180824,2308.62085098205
06073010019,True,False,True,True,3,True,-0.5169517148073975,559.1088358680743
06073010103,True,False,False,False,1,False,1.2548984739588442,3802.2519236962253
06073010104,True,False,False,False,1,False,-0.1286864361683089,1740.7965767135279
06073010106,False,True,False,False,1,False,1.4659128319758503,8129.29322321277
06073010107,False,False,False,False,0,False,-0.1022537305925205,9494.522314574871
06073010109,True,True,True,False,3,True,-0.1997638526127572,901.5505069621202
06073010110,True,True,False,False,2,False,0.863940947096081,4151.533276951015
06073010111,False,True,False,False,1,False,0.6414534088844978,9096.561881953503
06073010112,True,True,False,False,2,False,1.1293577081466502,4053.3460078943262
06073010201,True,True,True,True,4,True,0.9481295092068492,632.8334216143928
06073010202,True,False,False,False,1,False,0.0370609090444649,3809.4905581439416
06073010300,False,False,False,False,0,False,0.9285440407741652,4593.732783225757
06073010401,False,False,False,False,0,False,0.1932213819686732,5080.512137979188
06073010402,False,False,False,False,0,False,1.011063454087669,4921.798969759659
06073010501,True,False,False,False,1,False,-0.1252479150110548,3804.7989865543414
06073010502,True,False,False,False,1,False,0.849586431717221,4318.592698160044
06073010601,True,True,True,True,4,True,-1.0614093515217984,314.2515206800138
06073010800,False,False,True,False,1,False,-0.331364850442566,5837.167497804586
06073010900,False,False,True,False,1,False,-0.933653095564708,5478.434998110237
06073011000,False,False,True,False,1,False,-0.2969312095542413,5836.815758082205
06073011100,False,False,True,False,1,False,-0.0556132765123359,5855.2083553257635
06073011300,False,False,True,False,1,False,-0.8783145859473563,5193.065434397721
06073011601,False,False,False,False,0,False,0.740991996317018,24919.15738350039
06073011602,False,False,False,False,0,False,0.82144158401477,24253.865717107987
06073011700,False,False,False,False,0,False,1.1786312910930334,24343.565826386777
06073011801,False,False,False,False,0,False,1.06499459160533,25560.953760923116
06073011802,False,False,False,False,0,False,0.7701920656149083,16638.369768301716
06073011902,False,False,False,False,0,False,0.6966612055523481,13583.534847151572
06073012002,False,False,False,False,0,False,2.178628191165715,13247.745872085223
06073012003,False,False,False,False,0,False,0.0282807418794155,12063.139636357846
06073012101,False,False,False,False,0,False,0.3201962119980954,15164.045094226729
06073012102,False,False,False,False,0,False,0.8568527050276109,14025.846136096914
06073012200,False,False,False,False,0,False,0.5562854105649757,7848.525317676166
06073012302,False,False,False,False,0,False,1.712331055532892,20286.348765077277
06073012303,False,False,False,False,0,False,0.713832338095772,13924.58838348276
06073012304,False,False,False,False,0,False,0.4035546868615536,18008.27338573023
06073012401,False,False,False,False,0,False,0.183100792657309,17662.737304112376
06073012402,False,False,False,False,0,False,0.6499977356884921,19602.445397205847
06073012501,False,False,False,False,0,False,1.9711206320553287,25582.916132422644
06073012502,False,False,False,False,0,False,0.7084391150634978,9038.805797784906
06073012600,False,False,False,True,1,False,0.475317189961545,12938.833895428954
06073012700,False,False,False,False,0,False,1.0294136680334882,27700.61611699861
06073012800,False,False,False,False,0,False,0.3600706178165711,20090.96737573861
06073012900,False,False,False,False,0,False,-0.24004026942706,20467.927942468406
06073013000,False,False,False,False,0,False,0.6867730795167798,25409.87237185338
06073013102,False,False,False,False,0,False,0.4924112008364218,20210.284508969944
06073013103,False,False,False,False,0,False,0.5883439119045519,22199.46533302083
06073013104,False,False,False,False,0,False,0.5831582027549915,24341.11911514056
06073013203,False,False,False,False,0,False,1.244196682357928,19136.07613536221
06073013204,False,False,False,False,0,False,0.4963454576806509,14537.124630802462
06073013205,False,False,False,False,0,False,0.494976978672007,12870.8357365391
06073013206,False,False,False,False,0,False,1.3078145143875972,17336.244021700066
06073013301,False,False,False,False,0,False,0.0302299952995572,11864.303329687957
06073013302,False,False,False,False,0,False,-0.1718510710794364,11027.984394710349
06073013303,False,False,False,False,0,False,0.2404211160702324,10962.495069133098
06073013306,True,False,False,False,1,False,0.3267956364116827,4428.595359101651
06073013307,True,True,True,True,4,True,0.6121646985981926,943.5055595363165
06073013308,False,False,False,False,0,False,0.0786802280575917,5957.538202019764
06073013309,False,False,False,False,0,False,-0.5858356997721289,10335.788245125574
06073013312,False,False,False,False,0,False,0.4408384422328084,6482.067919729268
06073013315,False,False,False,False,0,False,-0.4184011017697265,8145.044932807272
06073013316,False,False,False,False,0,False,-0.4526389172723733,10425.570326510358
06073013317,True,False,True,False,2,False,-0.4757439915294281,4470.527928745155
06073013318,False,False,False,False,0,False,-0.6942509557251677,7980.614772795781
06073013319,False,True,True,False,2,False,-0.4443210695475888,5690.1599783656475
06073013320,True,True,True,True,4,True,-0.4090360707420991,141.3605626174262
06073013321,False,True,True,False,2,False,-0.4280556418546267,4761.739775664404
06073013322,False,False,True,False,1,False,-0.9743829013259124,7649.109031164397
06073013323,False,False,False,False,0,False,-0.8123337134235878,5686.062244372099
06073013324,False,False,False,False,0,False,-0.6604257501911861,5493.32301849184
06073013325,False,False,True,False,1,False,0.3590157259526856,6327.449341297527
06073013326,False,False,True,False,1,False,-1.0578123052297332,9029.825908679179
06073013327,False,False,False,False,0,False,-0.1551772953072747,7248.028508693771
06073013401,False,False,False,False,0,False,-0.4050124068662324,12941.891916670751
06073013409,False,False,False,False,0,False,-0.2661536372552042,11615.943976009305
06073013411,True,True,True,False,3,True,-0.6658585014237673,3211.638057072279
06073013412,False,True,True,True,3,True,-0.3723106065078605,6962.16557300654
06073013414,False,False,True,False,1,False,-0.3703409510184549,10645.22299073284
06073013415,False,False,True,False,1,False,-0.7586068985789111,7125.555160655285
06073013416,False,False,True,False,1,False,-0.5571530847711564,4734.012957871396
06073013417,False,False,True,False,1,False,-0.6186156911987125,6512.765440690827
06073013418,False,False,True,False,1,False,0.3245680449637392,9654.594729900055
06073013420,False,False,True,False,1,False,-0.1537957845856626,6880.247104090004
06073013421,False,False,True,False,1,False,-0.4668753284260155,7898.004818896263
06073013422,True,True,True,True,4,True,-0.6342239823182487,959.6049320691394
06073013423,True,True,True,True,4,True,-0.5916791264801161,181.9353810360548
06073013424,False,False,True,False,1,False,-0.7768484882870424,8294.77948833621
06073013425,False,False,True,True,2,False,-1.05250743222512,5520.166907833082
06073013503,True,False,False,False,1,False,0.1213423618252318,3721.259730671789
06073013504,True,False,False,False,1,False,-0.6377479297244611,2427.592104376
06073013505,True,False,False,False,1,False,0.1072896174262101,4229.842100868487
06073013506,True,False,True,True,3,True,0.0785676270225487,1661.8766168851305
06073013601,True,False,False,False,1,False,0.1080756399289191,3359.1907839834007
06073013604,True,True,True,True,4,True,-0.2073476916739647,2184.9167493687332
06073013605,True,False,True,True,3,True,-0.696758417240488,2553.511980657413
06073013607,True,False,False,True,2,False,-0.0185375208672137,4021.564863564493
06073013608,True,False,True,False,2,False,1.301076935118725,3730.390858427782
06073013701,False,True,False,False,1,False,0.2254371234249152,6404.808083977494
06073013702,False,True,False,False,1,False,-0.0094160918945048,10428.439139715947
06073013801,False,True,False,False,1,False,0.8484483295513486,10312.492639921973
06073013802,False,True,False,False,1,False,0.2681715865296701,8761.69565154858
06073013903,True,True,False,True,3,True,-0.0374713519008668,2989.1838908006016
06073013905,False,False,False,True,1,False,-0.5517812985017226,4621.738922235111
06073013906,False,True,False,False,1,False,0.9907194372059428,5110.809052270893
06073013907,True,True,False,False,2,False,0.759057382672684,4213.841935199491
06073013908,True,True,False,False,2,False,0.2512046223520925,4492.789133982323
06073013909,True,True,False,True,3,True,0.1310163528645237,2866.509658065886
06073014001,False,True,False,False,1,False,0.3460734112574626,9094.577505463127
06073014002,False,True,False,False,1,False,0.4445408932407501,10497.68749488421
06073014101,False,True,False,False,1,False,-0.0920898069681972,7910.196262993198
06073014102,True,True,False,False,2,False,0.1603952856387773,4275.507668962602
06073014200,False,True,False,False,1,False,-0.0409172061192856,8411.15236997298
06073014300,False,True,False,False,1,False,0.2171949037373778,8567.591612918557
06073014400,False,True,False,False,1,False,1.2870415559639583,14323.26654090754
06073014500,False,False,False,False,0,False,0.2804126477842178,17817.108045412322
06073014601,False,False,False,False,0,False,1.4322255009495288,19736.731834647602
06073014602,False,False,False,False,0,False,-0.4852283546574503,13928.693415395504
06073014701,False,False,False,False,0,False,0.224066236665076,23709.398699272144
06073014702,False,False,False,False,0,False,-0.2344955751996298,19608.831773653743
06073014803,False,False,False,False,0,False,0.836729538977782,22933.124125490194
06073014804,False,False,False,False,0,False,0.1545046256592221,24073.21428284568
06073014805,False,False,False,False,0,False,0.373656241556191,12836.451620229454
06073014806,False,False,False,False,0,False,1.7031426278504078,18970.643607032758
06073014901,False,False,False,False,0,False,0.5513445724253406,21743.837453996617
06073014902,False,False,False,False,0,False,0.6153118105030085,23217.915425363033
06073015001,False,False,False,False,0,False,0.991760484790771,17494.91415655789
06073015002,False,False,False,False,0,False,1.3737802554344858,19655.200415221527
06073015100,False,False,False,False,0,False,-0.1611374187288977,13623.948396124333
06073015200,False,False,False,True,1,False,-0.7550886123723348,11294.647245746353
06073015301,False,False,False,False,0,False,1.2622323184885635,15588.62569880392
06073015302,False,False,False,False,0,False,-0.3057462192411356,6656.5907259648
06073015403,True,False,False,False,1,False,-0.7109211394782168,3066.4283063695043
06073015405,True,False,True,True,3,True,-0.4603794864378299,282.8838559566492
06073015406,True,True,True,True,4,True,-0.6067528265136214,212.98509319631688
06073015407,False,False,False,False,0,False,1.7308304317743184,15036.700728688424
06073015408,True,False,False,True,2,False,-0.0006149076544439,3076.535761060376
06073015501,True,True,True,True,4,True,-0.3644676746291842,1415.8295159361476
06073015502,True,True,True,True,4,True,-0.416784142761808,2769.1397095749803
06073015601,False,False,False,False,0,False,0.7630058195122041,14666.48377889078
06073015602,True,False,False,True,2,False,-0.1146100140432484,2234.9044898824936
06073015701,False,False,False,False,0,False,1.8921617128475516,17763.94612050575
06073015704,False,False,False,False,0,False,1.2602012941591825,16384.822994300295
06073015705,False,False,False,False,0,False,0.8167291168562051,16417.795420824234
06073015706,False,False,False,False,0,False,2.0441625413794973,16393.240223617093
06073015801,False,False,False,False,0,False,1.5315309128036578,33466.11627911299
06073015802,False,False,False,False,0,False,1.3147286951038497,33752.092098833404
06073015901,False,False,False,False,0,False,1.601722001496528,31565.503363914137
06073015902,False,False,False,False,0,False,1.5623835838708733,29277.691152586012
06073016000,False,False,False,False,0,False,0.6025788828899947,18292.737339953244
06073016100,False,False,False,False,0,False,-0.2209396495088069,23356.747491714887
06073016201,False,False,False,False,0,False,-0.3382445316645566,19071.94007609633
06073016202,False,False,False,False,0,False,0.9693094942072786,30099.77774022219
06073016301,False,False,False,False,0,False,1.4699946024291126,31920.876667944918
06073016302,False,False,False,False,0,False,1.2748493159196144,33461.749221610735
06073016401,False,False,False,False,0,False,0.0007711493713854,9454.130475162086
06073016403,True,False,True,True,3,True,0.5169589370936247,2619.8005731703447
06073016404,False,False,False,False,0,False,1.7826186882910848,12011.38742114158
06073016502,False,False,False,False,0,False,0.9799097763752442,25416.35979029993
06073016503,False,True,False,True,2,False,0.0067644456029936,22243.170184224935
06073016504,False,False,False,False,0,False,1.3668193187074669,31212.34225741674
06073016606,False,False,False,True,1,False,-0.5462945062989256,5938.006405066416
06073016607,False,False,False,True,1,False,-0.279681910576265,10671.606609132388
06073016608,False,True,True,True,3,True,-0.2747826600925336,5458.9994733636295
06073016609,True,True,True,True,4,True,-0.1673953403666839,1131.8346030056332
06073016610,False,False,False,False,0,False,0.3188217599351985,11079.566434014529
06073016613,False,False,False,False,0,False,-0.4441754897742713,6650.989222256765
06073016614,False,False,False,False,0,False,0.2145126677635442,13833.251753554285
06073016615,False,False,False,False,0,False,-0.3309247795888757,10820.296273202937
06073016616,False,False,False,True,1,False,-0.0066040330777445,9615.172272900825
06073016617,False,False,False,False,0,False,1.6332731151919184,13872.240503197907
06073016618,True,True,True,True,4,True,-0.1848497943957825,422.4976711200846
06073016619,True,True,True,True,4,True,0.2822476127506625,4388.471857893359
06073016620,False,True,False,False,1,False,-0.1922334340573847,6463.92173043915
06073016621,True,True,True,True,4,True,-0.3309521700266726,3658.400811192762
06073016703,False,True,False,True,2,False,-0.1744987885351011,5283.34228910184
06073016704,True,True,True,True,4,True,-0.1666813967325826,421.7776144790439
06073016705,False,True,False,False,1,False,0.6579170538723962,5568.768805447459
06073016706,True,True,False,True,3,True,0.5588419435513551,3116.0816234544695
06073016804,True,True,False,False,2,False,0.2822034322060181,3832.2791707501
06073016806,False,False,False,True,1,False,0.283347802114306,5259.161307616774
06073016807,True,True,True,True,4,True,-0.1242305862556885,858.1425929156009
06073016809,True,True,True,True,4,True,0.7706394427055621,1155.4817382497847
06073016810,True,True,False,False,2,False,-0.5151637120896008,2080.9857744756428
06073016811,True,True,True,True,4,True,-0.0611581605350981,724.9250926014339
06073016812,True,True,True,True,4,True,0.5394228101475349,957.5968026453048
06073016813,True,True,True,True,4,True,-0.0140039184687859,265.5424830115767
06073016901,True,True,True,True,4,True,-0.2117876031814531,2572.1673338026594
06073016902,True,True,True,True,4,True,-0.173575413070717,1873.7796456249828
06073017006,True,False,True,True,3,True,-0.6742525658875341,4102.005694004779
06073017009,True,False,False,False,1,False,-0.3039780824040523,2386.1523021682087
06073017010,True,True,True,True,4,True,-1.1050237344476292,227.08803031613954
06073017014,False,False,False,False,0,False,1.0840638107956064,6452.732992291612
06073017018,False,False,False,True,1,False,-0.039456335130557,11982.230593529459
06073017020,True,True,True,True,4,True,-0.7797609387928404,360.3190760113821
06073017021,True,True,True,True,4,True,-0.946724581289545,256.4412830747226
06073017022,False,False,False,False,0,False,-0.3744746091479123,15715.450038566953
06073017031,False,False,False,True,1,False,-0.6634904580306938,4490.498913474484
06073017033,True,True,True,True,4,True,-0.905696051577892,586.0541890909071
06073017034,False,False,True,True,2,False,-0.4361109961136871,13596.119892605704
06073017035,False,False,False,True,1,False,0.5112256329603836,13431.231779943217
06073017036,False,False,True,False,1,False,-0.414044510446814,5807.146658714206
06073017037,True,False,False,True,2,False,-0.2074390103382829,1898.226869808373
06073017039,False,False,False,True,1,False,-0.2949077523529294,16530.260825102006
06073017040,False,False,False,False,0,False,-0.5695964393914469,8824.901270053575
06073017041,True,False,False,False,1,False,-0.6791658258692354,4304.4304375101065
06073017043,True,False,False,True,2,False,-0.7896012683622402,3412.6546492778684
06073017044,True,False,False,True,2,False,-1.0560160648228156,4383.899554914736
06073017045,False,True,False,True,2,False,-1.338082440507062,4550.545312659123
06073017046,True,False,True,True,3,True,-0.879154538632851,3620.0675818015393
06073017047,False,True,True,True,3,True,-0.9993616840236552,10267.399706904436
06073017048,False,False,False,True,1,False,0.0539620975986151,25948.94696052567
06073017049,False,True,False,True,2,False,0.1094565783484378,23962.126213901895
06073017050,False,False,False,False,0,False,0.1427511921001069,15573.548141820345
06073017051,False,False,False,False,0,False,-0.4835676728529923,19029.016517796168
06073017052,False,False,False,True,1,False,-0.3474992763935903,4591.2293068061135
06073017053,True,True,True,True,4,True,-1.263306414081108,321.2766429262989
06073017054,True,False,True,True,3,True,-0.5728276018907468,3022.9545253928322
06073017055,False,False,False,False,0,False,-0.8229135681494771,18617.758495107864
06073017056,False,False,False,False,0,False,0.078609783690801,18194.545686508947
06073017057,False,False,True,True,2,False,-0.7305858693136492,4492.025881837953
06073017058,False,False,False,True,1,False,-0.5139061588419717,5275.554725949318
06073017059,True,True,True,True,4,True,0.173702447949139,3799.354779802563
06073017060,True,True,True,True,4,True,-0.0918491613084003,1296.5243230494439
06073017061,True,True,True,True,4,True,-0.3260487373764227,2290.3495232748623
06073017062,True,True,True,True,4,True,-1.4566319352341128,1188.7402176651165
06073017063,True,False,True,True,3,True,-0.3331167423083012,1424.5310945742297
06073017064,False,True,True,False,2,False,-1.2173349478898543,22632.423320349793
06073017065,True,True,True,False,3,True,-0.9403079765113778,3818.9755357368426
06073017066,True,True,True,True,4,True,-0.7607785143181669,537.9435056588497
06073017067,False,False,False,True,1,False,-0.9383274507289856,5438.773306619798
06073017068,False,False,False,True,1,False,-0.5212913746852169,4907.081456554925
06073017069,False,False,False,True,1,False,-0.9813042739718671,25128.760191065798
06073017070,False,True,True,False,2,False,-0.8711906467544731,22757.55651538551
06073017071,False,False,True,False,1,False,-1.1234208374118788,21717.644437241906
06073017104,False,False,False,False,0,False,-0.2871714216699007,6480.839891411406
06073017106,True,True,True,True,4,True,-1.4013116350124744,2014.6360845190381
06073017107,False,False,False,False,0,False,-1.0272033705482837,7384.0643983307655
06073017108,False,False,False,False,0,False,-0.545293116709581,7815.673965916652
06073017109,True,True,False,False,2,False,-1.481225150046203,2687.2782748637806
06073017111,True,True,True,True,4,True,-1.1383090724314997,1119.1082585770835
06073017112,True,True,True,True,4,True,-1.0214166463276977,662.3107411666714
06073017113,True,True,True,True,4,True,-0.5845011634328426,1960.2488837848095
06073017201,False,False,False,False,0,False,-0.9669826816854868,6057.319611762067
06073017202,False,False,False,False,0,False,-0.9640627150143716,8745.827334652335
06073017303,False,False,False,False,0,False,-0.3710328829870737,12491.788116677162
06073017305,False,False,True,False,1,False,-0.7155740286829727,4573.841968948576
06073017306,False,False,True,False,1,False,-1.414054116647962,4561.418392931521
06073017307,False,False,False,False,0,False,-0.0482729632768045,17030.77082273313
06073017308,False,False,True,False,1,False,0.3882499554834295,9957.061533170148
06073017403,True,False,False,False,1,False,-0.622134613591613,3603.494327052514
06073017405,False,False,False,False,0,False,0.6387992037561676,11814.468538459269
06073017406,False,False,False,False,0,False,-0.2961116315113577,5309.199425272014
06073017407,False,False,False,False,0,False,-0.9600374777900084,14173.921703154354
06073017408,False,False,False,False,0,False,-0.2997808200299446,14808.744480003259
06073017501,False,False,False,False,0,False,-0.2856280812116785,29202.765722937373
06073017502,False,False,False,False,0,False,-0.1825410983925448,18682.219952196458
06073017601,True,True,True,True,4,True,-0.4595465467000523,4154.392944691068
06073017603,False,False,False,False,0,False,-0.9714649996958736,12172.158270731745
06073017605,False,False,False,False,0,False,-0.0078204351425452,16111.72125188374
06073017606,False,False,False,False,0,False,0.0306516646163866,27862.908772890365
06073017701,False,True,True,True,3,True,0.1842613535899605,7327.340042818343
06073017702,False,False,False,False,0,False,-0.5073923152165641,20585.57354354483
06073017801,False,False,False,False,0,False,0.1150220623094308,33235.42653131221
06073017808,True,True,True,True,4,True,-0.6550195752620999,922.8824864721711
06073017809,False,False,False,False,0,False,-0.3701844853837617,22360.152812310356
06073017810,False,False,False,False,0,False,-0.5686949580129502,16894.052583622182
06073017811,False,False,False,True,1,False,-0.7489263772683646,13517.298107188863
06073017813,False,False,False,False,0,False,-0.172031602745962,11906.204687465697
06073017901,False,False,False,False,0,False,0.7660309608436849,24258.321139954565
06073017902,False,False,False,False,0,False,0.7213306695116355,16941.36685726227
06073018000,False,False,False,False,0,False,0.0154442174575054,19987.65988490062
06073018101,False,False,False,False,0,False,-0.1750219104428535,21843.022663088734
06073018102,False,False,False,False,0,False,0.0305159945774371,28754.56215121931
06073018201,False,False,False,False,0,False,0.6591367935212527,27382.79428451953
06073018202,False,False,False,False,0,False,0.3627611114252775,25728.233529564935
06073018301,False,False,False,False,0,False,0.1843407028901118,17437.064039239754
06073018302,False,False,False,False,0,False,0.5259934620859369,21045.960692359586
06073018400,False,False,False,False,0,False,1.532562634656695,18184.17722431847
06073018504,False,False,False,False,0,False,-0.1258270884614099,19072.586931343994
06073018509,False,True,False,False,1,False,1.5096230720326662,17830.20274569127
06073018510,False,True,False,False,1,False,1.047766164660012,14396.906244929423
06073018511,False,True,False,False,1,False,0.6809564514407653,23619.493403443917
06073018512,True,True,False,True,3,True,0.9080938659588432,4065.991450827941
06073018515,False,False,True,True,2,False,-0.1725864238392452,5283.105050122617
06073018516,False,False,False,True,1,False,-0.1853401079977682,7500.612435284028
06073018517,False,False,False,False,0,False,0.0377220139944597,20689.23579157717
06073018518,False,False,False,False,0,False,-0.0812798379368177,12778.093020912624
06073018519,False,False,False,False,0,False,0.0156224971930859,22308.564605546806
06073018520,True,True,False,True,3,True,-0.1169964979854437,3418.33272364123
06073018521,False,True,False,False,1,False,-0.0697602536303659,8244.235727519746
06073018522,False,False,False,False,0,False,-0.4218228219951145,12322.201737382748
06073018523,False,True,False,False,1,False,-0.0887641404133444,10733.780452086634
06073018524,True,True,False,True,3,True,0.5820532628250312,3457.3160889549467
06073018525,True,True,False,False,2,False,-0.7566294817611577,3098.334211891359
06073018601,False,True,False,True,2,False,-0.4272341063379254,6731.917366953037
06073018608,True,True,False,True,3,True,-0.5129418354809664,2825.312823531401
06073018609,False,True,False,True,2,False,0.5817868628234631,5271.954325546638
06073018612,True,True,True,True,4,True,-0.336870439328275,903.1099256218093
06073018613,False,True,False,True,2,False,-0.0465009106201064,5370.396245252804
06073018615,False,True,False,False,1,False,0.1305478156868749,12099.903881717495
06073018616,False,True,False,False,1,False,0.8850248588315551,13968.664566395613
06073018617,True,True,False,True,3,True,-0.4122079268151675,670.5046805197103
06073018618,False,True,False,False,1,False,0.5009206565230607,7153.868416283825
06073018619,True,True,True,True,4,True,-0.9883242621892796,795.6107750665872
06073018620,True,True,False,True,3,True,-0.0490766808908429,2459.356538438228
06073018621,False,True,False,False,1,False,-0.1911665003430574,14321.0931694457
06073018622,False,True,False,False,1,False,1.015854084223262,10281.170980438355
06073018801,True,True,True,True,4,True,0.0032598846848215,1602.8434211048782
06073018803,True,True,True,True,4,True,0.2747439958217415,1138.7147030135272
06073018804,True,True,True,True,4,True,-0.2971572875733976,915.5367247116945
06073018805,True,True,True,True,4,True,-0.4177452334190393,349.44926650575024
06073018906,True,True,True,True,4,True,0.330553659620997,1615.2387733417488
06073019103,True,True,True,True,4,True,-0.1647424495857726,964.0520182765574
06073019105,True,True,True,True,4,True,-0.1312106765155063,613.1072475422166
06073019107,True,True,True,True,4,True,-0.4508803612042829,102.87149875362711
06073019108,True,True,True,True,4,True,0.0844399915551222,2292.057577700438
06073019109,True,True,True,True,4,True,-0.1112274289256591,572.9988101274567
06073019110,True,True,True,True,4,True,-0.3774495662246897,2059.2472161263704
06073019111,True,True,True,True,4,True,-0.1966638851774264,2187.3015750397303
06073019203,True,True,False,False,2,False,-0.4889919818401322,3196.7477968328876
06073019205,True,False,False,False,1,False,0.4389224731493454,4309.723069984015
06073019206,False,False,False,False,0,False,-0.0544659988350227,11770.882754290176
06073019208,True,True,True,True,4,True,-0.2692878445284743,2775.815462693099
06073019209,True,True,True,True,4,True,-0.0429623816619142,406.37628588923656
06073019210,False,False,False,False,0,False,0.3630715577608301,6617.109929245568
06073019301,True,True,False,False,2,False,-0.2345578507404871,2462.7799614396126
06073019303,True,False,False,False,1,False,-0.4176002406779028,3716.544623038783
06073019304,False,False,False,False,0,False,-0.2652883546875905,15382.815773997594
06073019305,False,True,False,False,1,False,0.1912295180727379,12923.66153668611
06073019403,False,False,False,False,0,False,-0.1357725764838096,7100.63240923599
06073019404,False,False,False,False,0,False,0.6943509766699147,10641.764116190907
06073019405,False,False,False,False,0,False,0.1530387720382136,16522.18690895998
06073019406,False,False,False,False,0,False,0.3768873561563641,14252.641181995521
06073019501,False,False,False,False,0,False,0.622499410121982,19036.14560991853
06073019502,False,False,False,False,0,False,0.9306998699655596,19333.354563331042
06073019503,False,False,False,False,0,False,0.2525451119166993,35207.89263452528
06073019601,False,False,False,True,1,False,-0.0759221170113187,6480.339126779808
06073019602,False,False,False,False,0,False,0.3390332183186925,6450.730745245782
06073019701,False,False,False,False,0,False,0.0497752546767696,6495.142887166215
06073019702,False,False,False,False,0,False,-0.0531396415825916,7923.460317690176
06073019803,False,False,False,True,1,False,0.6452988664204606,8104.102893173851
06073019804,False,True,True,False,2,False,-0.6622353058179986,18456.015278603434
06073019805,False,False,False,False,0,False,0.4207069655303098,12068.739819791877
06073019808,True,False,True,False,2,False,-0.2251868008373201,1414.7179684257944
06073019809,False,False,False,False,0,False,-0.4610048976767402,17516.006686616984
06073019810,False,True,True,True,3,True,0.4596310047830312,12677.75827757774
06073019811,False,False,False,False,0,False,-0.2581159713001336,40826.006985460794
06073019902,False,False,False,False,0,False,0.0928930984687387,20625.52423349151
06073019903,False,False,False,True,1,False,-0.278144985919744,12947.47327030148
06073019904,False,False,False,False,0,False,-0.0606395339693788,16546.414918676048
06073019905,False,True,False,True,2,False,-0.4109738715005003,15999.377536359738
06073020015,True,True,False,False,2,False,-0.902736356970334,2477.2892358086788
06073020017,False,False,False,False,0,False,0.6025591519282395,18882.99424308562
06073020019,False,True,False,False,1,False,0.8187835599807184,26520.786793441905
06073020021,False,False,False,False,0,False,0.2469629219220614,25904.50313979643
06073020023,False,False,False,False,0,False,-0.2840041423063438,47053.48983078939
06073020024,False,False,False,False,0,False,0.542331434181011,11315.60852666762
06073020025,False,False,False,False,0,False,0.2604902762175709,37395.67021768005
06073020026,False,False,False,False,0,False,-0.5059204007214118,19571.055505783075
06073020028,False,False,False,False,0,False,1.0619939756989654,31132.65449333923
06073020029,False,False,False,False,0,False,1.052070740969431,23599.916617196126
06073020030,False,False,True,True,2,False,-0.2706234127133404,15323.049428407183
06073020031,False,True,False,True,2,False,-0.1881411257682056,5794.079819331782
06073020032,True,True,True,True,4,True,-0.7697781173956778,884.275891883599
06073020033,True,True,True,True,4,True,-0.109727056774936,892.7289908120492
06073020034,False,False,False,False,0,False,-1.485189577174418,12341.58757382294
06073020035,False,False,False,False,0,False,-0.9079241540300405,5367.585037199216
06073020036,False,False,False,False,0,False,0.7580978904472889,40592.68539766147
06073020037,False,True,False,False,1,False,-0.0597166699139834,31177.151050142267
06073020038,True,True,True,True,4,True,-0.5937048304657908,2709.5843947457233
06073020039,False,True,False,False,1,False,-0.660112639527198,16683.107661493726
06073020040,False,True,True,False,2,False,0.0231199104148337,7799.219578575474
06073020041,False,False,False,False,0,False,0.0284117912043191,10440.418759241424
06073020042,True,True,True,True,4,True,-0.1854077364325528,3060.7920398205897
06073020043,True,True,True,True,4,True,-0.5658681181843846,947.7101828282075
06073020044,True,True,True,True,4,True,-0.9434716358370993,937.9166773856565
06073020105,False,True,False,False,1,False,0.1558454579923403,8541.799345371266
06073020106,True,True,False,False,2,False,0.4055308373533982,1925.2955134376703
06073020107,False,False,False,False,0,False,0.3745765726908069,11677.796135395929
06073020108,False,False,False,False,0,False,0.6665715608997971,23871.608253841405
06073020109,False,False,False,False,0,False,0.0858213428513369,14294.801988746083
06073020110,True,True,True,True,4,True,-0.2733158498861672,1038.0364791369184
06073020111,True,True,True,True,4,True,-0.8151239333214834,388.5837074135014
06073020202,False,False,False,False,0,False,1.212977316888497,21914.28473932311
06073020206,False,False,False,False,0,False,0.3746779877334991,20469.11774789267
06073020207,False,False,False,False,0,False,1.4863848751941362,13966.45672012365
06073020208,False,False,False,False,0,False,-0.1000352477385777,14727.386960763408
06073020209,False,False,False,False,0,False,1.1813643477650295,14522.839427243884
06073020210,False,False,False,False,0,False,0.5896597079413596,13018.098896083722
06073020211,False,False,False,False,0,False,1.0811583902166892,20499.973090159307
06073020213,False,False,False,False,0,False,1.6031837121691843,21869.215647743422
06073020214,False,False,False,False,0,False,2.2219274764399106,42479.03510589363
06073020304,True,True,True,True,4,True,-0.6704600743109844,1764.3345650178428
06073020305,False,False,False,False,0,False,0.1876514849977034,6172.487523127585
06073020308,False,False,False,False,0,False,1.3428595693013794,12484.4434736121
06073020309,False,False,False,True,1,False,-0.1870886111861243,10681.897521141487
06073020310,False,False,False,True,1,False,-0.3255742466594777,5374.202209382369
06073020311,True,True,True,True,4,True,0.4134689618151613,3625.083045036928
06073020312,True,True,True,True,4,True,-0.1452031933616605,79.7102058572132
06073020313,False,False,False,True,1,False,1.0942491755992714,31452.433676690423
06073020401,True,True,True,True,4,True,-0.7313882399671675,1464.298864092038
06073020403,False,False,False,False,0,False,-0.1734409185511822,13069.501571316245
06073020404,False,False,False,True,1,False,-0.1110867713890562,9197.920339735996
06073020405,True,False,True,True,3,True,-0.7051323095616033,3719.470737476233
06073020500,False,False,False,False,0,False,0.4759930570567758,40722.319787129905
06073020601,False,False,False,False,0,False,0.671004108320032,23393.942753391904
06073020602,False,False,False,False,0,False,0.9552689950090524,21561.593068456204
06073020705,False,False,False,False,0,False,-0.2889915537959109,7370.896398112068
06073020706,True,True,True,True,4,True,-0.6754050174062923,2249.9195433190707
06073020707,False,False,False,False,0,False,0.6178580766360569,20405.942356092764
06073020708,True,False,False,True,2,False,-0.5439930050172767,4072.2357039859676
06073020710,True,True,True,True,4,True,0.0285199576068243,517.411906204369
06073020711,True,True,True,True,4,True,-0.4336397282953312,382.70675369504943
06073020712,True,True,True,False,3,True,-0.3533847134003454,1777.9172775181876
06073020801,True,True,True,True,4,True,-0.6141164111333063,646.1147412869456
06073020805,True,False,True,True,3,True,-0.1549386970102718,2172.432539761949
06073020806,True,False,False,True,2,False,0.4642239953428052,2744.7512583378216
06073020807,True,True,True,True,4,True,-0.2688099521128949,417.75843253961307
06073020810,True,True,True,True,4,True,-0.6801822568533825,700.5981951481964
06073020811,True,True,True,True,4,True,-0.5861955438654736,701.0499361648565
06073020812,True,False,True,True,3,True,0.082665208879662,2248.7666973152986
06073020813,True,True,True,True,4,True,-0.3954539936014458,1107.6890722996834
06073021204,True,True,True,True,4,True,-0.3724339174938076,618.359629830396
06073021205,True,True,True,True,4,True,0.3946626193551303,2100.1939167232217
06073021206,True,True,True,True,4,True,-0.4876762488189958,494.24050358487455
06073021304,True,True,True,True,4,True,-0.7883557152318397,1578.6616077353965
06073021305,True,True,True,True,4,True,-0.5145283488024215,1412.0739716475355
06073021306,True,True,True,True,4,True,-0.488325236885117,400.6538009067063
06073021401,False,False,False,False,0,False,0.0193018302756929,34836.41562631585
06073021402,False,False,False,False,0,False,0.3665031465599463,18280.03773416612
06073021501,True,False,True,False,2,False,-1.5277213243096492,2988.5715555475504
06073021502,True,False,True,True,3,True,-0.5325086553349447,1875.5427670746667
06073021600,True,True,True,True,4,True,-0.0425764046052134,1266.836509412326
06073021800,False,False,True,False,1,False,-1.136262055845597,5805.807192129312
06073021900,False,False,False,False,0,False,1.1300792654498106,15522.816422034959
06073022000,False,False,False,False,0,False,0.5591400495034883,12198.405060384925
06073022101,False,False,True,True,2,False,-0.7972899879189118,32844.419753842274
06073022102,False,False,True,True,2,False,-0.4270187345033209,16317.941184991372
