GEOID,exc_jobs,exc_hospitals,exc_groceries,exc_schools,composite_deficit,disadvantage_z,posterior_mean_jobs,composite_rank
06073018805,1.0,1.0,1.0,1.0,1.0,-0.4177452334190393,349.44926650575024,1
06073020111,1.0,1.0,1.0,1.0,1.0,-0.8151239333214834,388.5837074135014,2
06073017020,1.0,1.0,1.0,1.0,1.0,-0.7797609387928404,360.3190760113821,3
06073017021,1.0,1.0,1.0,1.0,1.0,-0.946724581289545,256.4412830747226,4
06073017053,1.0,1.0,1.0,1.0,1.0,-1.263306414081108,321.2766429262989,5
06073015406,1.0,1.0,1.0,1.0,1.0,-0.6067528265136214,212.98509319631688,6
06073013423,1.0,1.0,1.0,1.0,1.0,-0.5916791264801161,181.9353810360548,7
06073020710,1.0,1.0,1.0,1.0,1.0,0.0285199576068243,517.411906204369,8
06073020711,1.0,1.0,1.0,1.0,1.0,-0.4336397282953312,382.70675369504943,9
06073016813,1.0,1.0,1.0,1.0,1.0,-0.0140039184687859,265.5424830115767,10
06073021306,0.99996875,1.0,1.0,1.0,0.9999921875,-0.488325236885117,400.6538009067063,11
06073019209,0.99996875,1.0,1.0,1.0,0.9999921875,-0.0429623816619142,406.37628588923656,12
06073020807,0.99996875,1.0,1.0,1.0,0.9999921875,-0.2688099521128949,417.75843253961307,13
06073019107,0.9999375,1.0,1.0,1.0,0.999984375,-0.4508803612042829,102.87149875362711,14
06073021206,0.99990625,1.0,1.0,1.0,0.9999765625,-0.4876762488189958,494.24050358487455,15
06073017010,0.99990625,1.0,1.0,1.0,0.9999765625,-1.1050237344476292,227.08803031613954,16
06073009901,0.99990625,1.0,1.0,1.0,0.9999765625,-0.5236682336308077,367.30366911867077,17
06073009805,0.99990625,1.0,1.0,1.0,0.9999765625,-0.1986965729247281,413.038130783083,18
06073016704,0.99990625,1.0,1.0,1.0,0.9999765625,-0.1666813967325826,421.7776144790439,19
06073010601,0.999875,1.0,1.0,1.0,0.99996875,-1.0614093515217984,314.2515206800138,20
06073020801,0.99975,1.0,1.0,1.0,0.9999375,-0.6141164111333063,646.1147412869456,21
06073009400,0.99971875,1.0,1.0,1.0,0.9999296875,-0.247225361433311,701.7106495684673,22
06073019105,0.9996875,1.0,1.0,1.0,0.999921875,-0.1312106765155063,613.1072475422166,23
06073017033,0.99965625,1.0,1.0,1.0,0.9999140625,-0.905696051577892,586.0541890909071,24
06073009505,0.999625,1.0,1.0,1.0,0.99990625,-0.3452159715527154,666.0650332442149,25
06073017112,0.999625,1.0,1.0,1.0,0.99990625,-1.0214166463276977,662.3107411666714,26
06073020811,0.99959375,1.0,1.0,1.0,0.9998984375,-0.5861955438654736,701.0499361648565,27
06073020810,0.9995625,1.0,1.0,1.0,0.999890625,-0.6801822568533825,700.5981951481964,28
06073010201,0.99953125,1.0,1.0,1.0,0.9998828125,0.9481295092068492,632.8334216143928,29
06073017066,0.9995,1.0,1.0,1.0,0.9998750000000001,-0.7607785143181669,537.9435056588497,30
06073021204,0.99946875,1.0,1.0,1.0,0.9998671875,-0.3724339174938076,618.359629830396,31
06073013320,0.99925,1.0,1.0,1.0,0.9998125,-0.4090360707420991,141.3605626174262,32
06073019109,0.99925,1.0,1.0,1.0,0.9998125,-0.1112274289256591,572.9988101274567,33
06073018619,0.99871875,1.0,1.0,1.0,0.9996796875,-0.9883242621892796,795.6107750665872,34
06073009507,0.99859375,1.0,1.0,1.0,0.9996484375,-0.3212876753377001,744.5624403166589,35
06073016811,0.99859375,1.0,1.0,1.0,0.9996484375,-0.0611581605350981,724.9250926014339,36
06073020312,0.99821875,1.0,1.0,1.0,0.9995546875,-0.1452031933616605,79.7102058572132,37
06073018804,0.99634375,1.0,1.0,1.0,0.9990859375,-0.2971572875733976,915.5367247116945,38
06073020032,0.99625,1.0,1.0,1.0,0.9990625,-0.7697781173956778,884.275891883599,39
06073016807,0.99509375,1.0,1.0,1.0,0.9987734375,-0.1242305862556885,858.1425929156009,40
06073018612,0.99471875,1.0,1.0,1.0,0.9986796875,-0.336870439328275,903.1099256218093,41
06073019103,0.9939375,1.0,1.0,1.0,0.998484375,-0.1647424495857726,964.0520182765574,42
06073017808,0.99334375,1.0,1.0,1.0,0.9983359375,-0.6550195752620999,922.8824864721711,43
06073016812,0.9933125,1.0,1.0,1.0,0.998328125,0.5394228101475349,957.5968026453048,44
06073013422,0.99328125,1.0,1.0,1.0,0.9983203125,-0.6342239823182487,959.6049320691394,45
06073016618,0.99315625,1.0,1.0,1.0,0.9982890625,-0.1848497943957825,422.4976711200846,46
06073020044,0.9921875,1.0,1.0,1.0,0.998046875,-0.9434716358370993,937.9166773856565,47
06073020033,0.9909375,1.0,1.0,1.0,0.9977343750000001,-0.109727056774936,892.7289908120492,48
06073013307,0.98946875,1.0,1.0,1.0,0.9973671875,0.6121646985981926,943.5055595363165,49
06073020043,0.98559375,1.0,1.0,1.0,0.9963984375,-0.5658681181843846,947.7101828282075,50
06073020110,0.97925,1.0,1.0,1.0,0.9948125,-0.2733158498861672,1038.0364791369184,51
06073020813,0.94290625,1.0,1.0,1.0,0.9857265625,-0.3954539936014458,1107.6890722996834,52
06073017111,0.9330625,1.0,1.0,1.0,0.983265625,-1.1383090724314997,1119.1082585770835,53
06073016609,0.91475,1.0,1.0,1.0,0.9786874999999999,-0.1673953403666839,1131.8346030056332,54
06073018803,0.9080625,1.0,1.0,1.0,0.9770156249999999,0.2747439958217415,1138.7147030135272,55
06073016809,0.8705625,1.0,1.0,1.0,0.967640625,0.7706394427055621,1155.4817382497847,56
06073017062,0.79425,1.0,1.0,1.0,0.9485625,-1.4566319352341128,1188.7402176651165,57
06073021600,0.46534375,1.0,1.0,1.0,0.8663359374999999,-0.0425764046052134,1266.836509412326,58
06073017060,0.34859375,1.0,1.0,1.0,0.8371484375,-0.0918491613084003,1296.5243230494439,59
06073021305,0.07,1.0,1.0,1.0,0.7675000000000001,-0.5145283488024215,1412.0739716475355,60
06073015501,0.06440625,1.0,1.0,1.0,0.7661015625,-0.3644676746291842,1415.8295159361476,61
06073020401,0.03321875,1.0,1.0,1.0,0.7583046875,-0.7313882399671675,1464.298864092038,62
06073021304,0.01221875,1.0,1.0,1.0,0.7530546874999999,-0.7883557152318397,1578.6616077353965,63
06073018801,0.00684375,1.0,1.0,1.0,0.7517109375,0.0032598846848215,1602.8434211048782,64
06073018906,0.00434375,1.0,1.0,1.0,0.7510859375000001,0.330553659620997,1615.2387733417488,65
06073016902,0.0024375,1.0,1.0,1.0,0.750609375,-0.173575413070717,1873.7796456249828,66
06073020304,0.002,1.0,1.0,1.0,0.7505,-0.6704600743109844,1764.3345650178428,67
06073017113,0.0010625,1.0,1.0,1.0,0.7502656249999999,-0.5845011634328426,1960.2488837848095,68
06073017106,0.0010625,1.0,1.0,1.0,0.7502656249999999,-1.4013116350124744,2014.6360845190381,69
06073019108,0.0005625,1.0,1.0,1.0,0.750140625,0.0844399915551222,2292.057577700438,70
06073021205,0.0004375,1.0,1.0,1.0,0.7501093750000001,0.3946626193551303,2100.1939167232217,71
06073019111,0.0004375,1.0,1.0,1.0,0.7501093750000001,-0.1966638851774264,2187.3015750397303,72
06073017061,0.000375,1.0,1.0,1.0,0.75009375,-0.3260487373764227,2290.3495232748623,73
06073019110,0.000375,1.0,1.0,1.0,0.75009375,-0.3774495662246897,2059.2472161263704,74
06073020706,0.00028125,1.0,1.0,1.0,0.7500703125,-0.6754050174062923,2249.9195433190707,75
06073013604,0.00021875,1.0,1.0,1.0,0.7500546875,-0.2073476916739647,2184.9167493687332,76
06073010016,0.000125,1.0,1.0,1.0,0.7500312499999999,-0.5236682336308077,3064.3608077981894,77
06073020042,6.25e-05,1.0,1.0,1.0,0.7500156250000001,-0.1854077364325528,3060.7920398205897,78
06073020038,6.25e-05,1.0,1.0,1.0,0.7500156250000001,-0.5937048304657908,2709.5843947457233,79
06073015502,3.125e-05,1.0,1.0,1.0,0.7500078125,-0.416784142761808,2769.1397095749803,80
06073020311,0.0,1.0,1.0,1.0,0.75,0.4134689618151613,3625.083045036928,81
06073019208,0.0,1.0,1.0,1.0,0.75,-0.2692878445284743,2775.815462693099,82
06073019810,0.0,1.0,1.0,1.0,0.75,0.4596310047830312,12677.75827757774,83
06073017059,0.0,1.0,1.0,1.0,0.75,0.173702447949139,3799.354779802563,84
06073017701,0.0,1.0,1.0,1.0,0.75,0.1842613535899605,7327.340042818343,85
06073016608,0.0,1.0,1.0,1.0,0.75,-0.2747826600925336,5458.9994733636295,86
06073003800,0.0,1.0,1.0,1.0,0.75,-0.4996321377588829,4946.5843287784,87
06073016621,0.0,1.0,1.0,1.0,0.75,-0.3309521700266726,3658.400811192762,88
06073016619,0.0,1.0,1.0,1.0,0.75,0.2822476127506625,4388.471857893359,89
06073016901,0.0,1.0,1.0,1.0,0.75,-0.2117876031814531,2572.1673338026594,90
06073017601,0.0,1.0,1.0,1.0,0.75,-0.4595465467000523,4154.392944691068,91
06073017047,0.0,1.0,1.0,1.0,0.75,-0.9993616840236552,10267.399706904436,92
06073003207,0.0,1.0,1.0,1.0,0.75,-0.2446002424271614,2534.62457965276,93
06073010015,0.0,1.0,1.0,1.0,0.75,-0.4354881846691845,12599.733628867716,94
06073013412,0.0,1.0,1.0,1.0,0.75,-0.3723106065078605,6962.16557300654,95
06073015405,1.0,0.0,1.0,1.0,0.75,-0.4603794864378299,282.8838559566492,96
06073008345,0.0,1.0,1.0,1.0,0.75,0.2360240381060351,4958.118855615292,97
06073009306,0.0,1.0,1.0,1.0,0.75,-0.4145097963835941,5295.562229770653,98
06073008367,0.0,1.0,1.0,1.0,0.75,0.0312474303065343,5259.895669462106,99
06073008501,0.0,1.0,1.0,1.0,0.75,-0.2996678596360542,6438.0483556976515,100
06073009511,0.0,1.0,1.0,1.0,0.75,0.1445946653763883,5557.270303134966,101
06073010019,0.99965625,0.0,1.0,1.0,0.7499140625,-0.5169517148073975,559.1088358680743,102
06073018617,0.99890625,1.0,0.0,1.0,0.7497265625,-0.4122079268151675,670.5046805197103,103
06073008372,0.9975625,0.0,1.0,1.0,0.749390625,-1.0867482978304377,851.1312720272549,104
06073010109,0.99640625,1.0,1.0,0.0,0.7491015625,-0.1997638526127572,901.5505069621202,105
06073008328,0.9943125,0.0,1.0,1.0,0.748578125,-1.3335094072813949,937.923254000048,106
06073017063,0.055125,0.0,1.0,1.0,0.5137812500000001,-0.3331167423083012,1424.5310945742297,107
06073013506,0.0045625,0.0,1.0,1.0,0.501140625,0.0785676270225487,1661.8766168851305,108
06073020712,0.00175,1.0,1.0,0.0,0.5004375,-0.3533847134003454,1777.9172775181876,109
06073021502,0.000625,0.0,1.0,1.0,0.5001562500000001,-0.5325086553349447,1875.5427670746667,110
06073009902,0.00034375,0.0,1.0,1.0,0.5000859375,0.0,4531.351847036827,111
06073016403,0.00028125,0.0,1.0,1.0,0.5000703125,0.5169589370936247,2619.8005731703447,112
06073020805,0.00025,0.0,1.0,1.0,0.5000625000000001,-0.1549386970102718,2172.432539761949,113
06073010017,0.00021875,0.0,1.0,1.0,0.5000546875,-0.1394989525591674,2313.891856545861,114
06073020812,0.00015625,0.0,1.0,1.0,0.5000390625,0.082665208879662,2248.7666973152986,115
06073018524,9.375e-05,1.0,0.0,1.0,0.5000234375,0.5820532628250312,3457.3160889549467,116
06073018620,9.375e-05,1.0,0.0,1.0,0.5000234375,-0.0490766808908429,2459.356538438228,117
06073013605,6.25e-05,0.0,1.0,1.0,0.5000156250000001,-0.696758417240488,2553.511980657413,118
06073003208,3.125e-05,1.0,1.0,0.0,0.5000078125,0.3393965956934965,3215.67670366289,119
06073016706,3.125e-05,1.0,0.0,1.0,0.5000078125,0.5588419435513551,3116.0816234544695,120
06073020405,0.0,0.0,1.0,1.0,0.5,-0.7051323095616033,3719.470737476233,121
06073020040,0.0,1.0,1.0,0.0,0.5,0.0231199104148337,7799.219578575474,122
06073020030,0.0,0.0,1.0,1.0,0.5,-0.2706234127133404,15323.049428407183,123
06073020031,0.0,1.0,0.0,1.0,0.5,-0.1881411257682056,5794.079819331782,124
06073002502,0.0,1.0,1.0,0.0,0.5,0.5301130086012872,9140.650483578838,125
06073007601,0.0,0.0,1.0,1.0,0.5,0.5516323285655766,4887.967971239168,126
06073018608,0.0,1.0,0.0,1.0,0.5,-0.5129418354809664,2825.312823531401,127
06073018613,0.0,1.0,0.0,1.0,0.5,-0.0465009106201064,5370.396245252804,128
06073018609,0.0,1.0,0.0,1.0,0.5,0.5817868628234631,5271.954325546638,129
06073018512,0.0,1.0,0.0,1.0,0.5,0.9080938659588432,4065.991450827941,130
06073018601,0.0,1.0,0.0,1.0,0.5,-0.4272341063379254,6731.917366953037,131
06073019804,0.0,1.0,1.0,0.0,0.5,-0.6622353058179986,18456.015278603434,132
06073019905,0.0,1.0,0.0,1.0,0.5,-0.4109738715005003,15999.377536359738,133
06073018520,0.0,1.0,0.0,1.0,0.5,-0.1169964979854437,3418.33272364123,134
06073017034,0.0,0.0,1.0,1.0,0.5,-0.4361109961136871,13596.119892605704,135
06073017046,0.0,0.0,1.0,1.0,0.5,-0.879154538632851,3620.0675818015393,136
06073009104,0.0,1.0,1.0,0.0,0.5,-0.4666120397313889,8409.49786104015,137
06073017049,0.0,1.0,0.0,1.0,0.5,0.1094565783484378,23962.126213901895,138
06073017045,0.0,1.0,0.0,1.0,0.5,-1.338082440507062,4550.545312659123,139
06073008371,0.0,0.0,1.0,1.0,0.5,-0.6752741101156521,47774.409430530024,140
06073017065,0.0,1.0,1.0,0.0,0.5,-0.9403079765113778,3818.9755357368426,141
06073017070,0.0,1.0,1.0,0.0,0.5,-0.8711906467544731,22757.55651538551,142
06073008373,0.0,0.0,1.0,1.0,0.5,-0.9738709831647846,21238.6434846029,143
06073017057,0.0,0.0,1.0,1.0,0.5,-0.7305858693136492,4492.025881837953,144
06073008350,0.0,0.0,1.0,1.0,0.5,-0.0243406420802063,49081.39026355281,145
06073008346,0.0,0.0,1.0,1.0,0.5,-0.9266307155489254,35754.535846195744,146
06073018515,0.0,0.0,1.0,1.0,0.5,-0.1725864238392452,5283.105050122617,147
06073008339,0.0,0.0,1.0,1.0,0.5,1.6423261133730538,42472.85537857949,148
06073007602,0.0,0.0,1.0,1.0,0.5,0.879695363291029,3118.6825123895937,149
06073017054,0.0,0.0,1.0,1.0,0.5,-0.5728276018907468,3022.9545253928322,150
06073013909,0.0,1.0,0.0,1.0,0.5,0.1310163528645237,2866.509658065886,151
06073009704,0.0,1.0,1.0,0.0,0.5,-0.1087675787794107,3262.3270257540817,152
06073013425,0.0,0.0,1.0,1.0,0.5,-1.05250743222512,5520.166907833082,153
06073017064,0.0,1.0,1.0,0.0,0.5,-1.2173349478898543,22632.423320349793,154
06073010018,0.0,0.0,1.0,1.0,0.5,-0.5908266039180824,2308.62085098205,155
06073013411,0.0,1.0,1.0,0.0,0.5,-0.6658585014237673,3211.638057072279,156
06073013903,0.0,1.0,0.0,1.0,0.5,-0.0374713519008668,2989.1838908006016,157
06073013321,0.0,1.0,1.0,0.0,0.5,-0.4280556418546267,4761.739775664404,158
06073013319,0.0,1.0,1.0,0.0,0.5,-0.4443210695475888,5690.1599783656475,159
06073022102,0.0,0.0,1.0,1.0,0.5,-0.4270187345033209,16317.941184991372,160
06073022101,0.0,0.0,1.0,1.0,0.5,-0.7972899879189118,32844.419753842274,161
06073009706,0.0,1.0,1.0,0.0,0.5,-0.225027830996964,2644.1265992768726,162
06073016503,0.0,1.0,0.0,1.0,0.5,0.0067644456029936,22243.170184224935,163
06073016703,0.0,1.0,0.0,1.0,0.5,-0.1744987885351011,5283.34228910184,164
06073017006,0.0,0.0,1.0,1.0,0.5,-0.6742525658875341,4102.005694004779,165
06073019808,0.06246875,0.0,1.0,0.0,0.2656171875,-0.2251868008373201,1414.7179684257944,166
06073006200,0.0011875,0.0,0.0,1.0,0.250296875,-0.5236682336308077,15939.97504179155,167
06073009510,0.000625,1.0,0.0,0.0,0.25015625,0.3850264884583687,1840.1928210403269,168
06073017037,0.0005625,0.0,0.0,1.0,0.250140625,-0.2074390103382829,1898.226869808373,169
06073009506,0.000375,0.0,1.0,0.0,0.25009375,-0.6147783199144157,2120.6157468026445,170
06073020106,0.000375,1.0,0.0,0.0,0.25009375,0.4055308373533982,1925.2955134376703,171
06073008374,0.00028125,0.0,1.0,0.0,0.2500703125,-1.6007816892368416,3781.406781416383,172
06073016810,0.00021875,1.0,0.0,0.0,0.2500546875,-0.5151637120896008,2080.9857744756428,173
06073003209,0.0001875,1.0,0.0,0.0,0.250046875,-0.0395137860464223,2975.516679250963,174
06073015602,0.0001875,0.0,0.0,1.0,0.250046875,-0.1146100140432484,2234.9044898824936,175
06073003114,0.0001875,1.0,0.0,0.0,0.250046875,-0.0494474776004681,2093.7970726283647,176
06073019301,3.125e-05,1.0,0.0,0.0,0.2500078125,-0.2345578507404871,2462.7799614396126,177
06073021501,3.125e-05,0.0,1.0,0.0,0.2500078125,-1.5277213243096492,2988.5715555475504,178
06073017306,3.125e-05,0.0,1.0,0.0,0.2500078125,-1.414054116647962,4561.418392931521,179
06073019803,0.0,0.0,0.0,1.0,0.25,0.6452988664204606,8104.102893173851,180
06073002501,0.0,1.0,0.0,0.0,0.25,1.2513328244038435,16439.031273857476,181
06073017308,0.0,0.0,1.0,0.0,0.25,0.3882499554834295,9957.061533170148,182
06073008337,0.0,0.0,1.0,0.0,0.25,-1.022799207836012,5616.445443466714,183
06073008336,0.0,0.0,1.0,0.0,0.25,-1.1736753843498229,6044.264996837356,184
06073008313,0.0,0.0,0.0,1.0,0.25,-1.0615035696949884,33571.731692912756,185
06073008310,0.0,0.0,1.0,0.0,0.25,-0.6250915543220728,5854.640095246057,186
06073008312,0.0,0.0,0.0,1.0,0.25,-0.4293613877056894,37690.72151971077,187
06073008306,0.0,1.0,0.0,0.0,0.25,-1.08869080123739,3399.7886793165085,188
06073017811,0.0,0.0,0.0,1.0,0.25,-0.7489263772683646,13517.298107188863,189
06073018516,0.0,0.0,0.0,1.0,0.25,-0.1853401079977682,7500.612435284028,190
06073018525,0.0,1.0,0.0,0.0,0.25,-0.7566294817611577,3098.334211891359,191
06073018523,0.0,1.0,0.0,0.0,0.25,-0.0887641404133444,10733.780452086634,192
06073018521,0.0,1.0,0.0,0.0,0.25,-0.0697602536303659,8244.235727519746,193
06073003108,0.0,1.0,0.0,0.0,0.25,-0.0703935642223417,3999.2218326985285,194
06073018509,0.0,1.0,0.0,0.0,0.25,1.5096230720326662,17830.20274569127,195
06073018510,0.0,1.0,0.0,0.0,0.25,1.047766164660012,14396.906244929423,196
06073018511,0.0,1.0,0.0,0.0,0.25,0.6809564514407653,23619.493403443917,197
06073018618,0.0,1.0,0.0,0.0,0.25,0.5009206565230607,7153.868416283825,198
06073003003,0.0,1.0,0.0,0.0,0.25,0.4087861801747146,4607.860446752663,199
06073018622,0.0,1.0,0.0,0.0,0.25,1.015854084223262,10281.170980438355,200
06073018621,0.0,1.0,0.0,0.0,0.25,-0.1911665003430574,14321.0931694457,201
06073003107,0.0,1.0,0.0,0.0,0.25,0.0483904061492389,4746.570536997322,202
06073003105,0.0,1.0,0.0,0.0,0.25,-0.0860322721269244,4230.9465064647675,203
06073003103,0.0,1.0,0.0,0.0,0.25,0.0150916736749134,4588.256841246989,204
06073003004,0.0,1.0,0.0,0.0,0.25,0.5834785233451485,6523.533546000168,205
06073018616,0.0,1.0,0.0,0.0,0.25,0.8850248588315551,13968.664566395613,206
06073019601,0.0,0.0,0.0,1.0,0.25,-0.0759221170113187,6480.339126779808,207
06073019305,0.0,1.0,0.0,0.0,0.25,0.1912295180727379,12923.66153668611,208
06073020019,0.0,1.0,0.0,0.0,0.25,0.8187835599807184,26520.786793441905,209
06073019903,0.0,0.0,0.0,1.0,0.25,-0.278144985919744,12947.47327030148,210
06073020015,0.0,1.0,0.0,0.0,0.25,-0.902736356970334,2477.2892358086788,211
06073019203,0.0,1.0,0.0,0.0,0.25,-0.4889919818401322,3196.7477968328876,212
06073018615,0.0,1.0,0.0,0.0,0.25,0.1305478156868749,12099.903881717495,213
06073020105,0.0,1.0,0.0,0.0,0.25,0.1558454579923403,8541.799345371266,214
06073020404,0.0,0.0,0.0,1.0,0.25,-0.1110867713890562,9197.920339735996,215
06073020708,0.0,0.0,0.0,1.0,0.25,-0.5439930050172767,4072.2357039859676,216
06073020806,0.0,0.0,0.0,1.0,0.25,0.4642239953428052,2744.7512583378216,217
06073020039,0.0,1.0,0.0,0.0,0.25,-0.660112639527198,16683.107661493726,218
06073020037,0.0,1.0,0.0,0.0,0.25,-0.0597166699139834,31177.151050142267,219
06073021800,0.0,0.0,1.0,0.0,0.25,-1.136262055845597,5805.807192129312,220
06073008365,0.0,0.0,0.0,1.0,0.25,-1.17349059785521,5599.69509127284,221
06073003213,0.0,1.0,0.0,0.0,0.25,-0.3833465828120472,3707.8876206082277,222
06073008368,0.0,0.0,1.0,0.0,0.25,-0.9719949433896576,5015.794305120677,223
06073008366,0.0,0.0,1.0,0.0,0.25,-1.3400835663139352,5113.486646781336,224
06073017071,0.0,0.0,1.0,0.0,0.25,-1.1234208374118788,21717.644437241906,225
06073017068,0.0,0.0,0.0,1.0,0.25,-0.5212913746852169,4907.081456554925,226
06073017069,0.0,0.0,0.0,1.0,0.25,-0.9813042739718671,25128.760191065798,227
06073017044,0.0,0.0,0.0,1.0,0.25,-1.0560160648228156,4383.899554914736,228
06073017043,0.0,0.0,0.0,1.0,0.25,-0.7896012683622402,3412.6546492778684,229
06073017018,0.0,0.0,0.0,1.0,0.25,-0.039456335130557,11982.230593529459,230
06073017048,0.0,0.0,0.0,1.0,0.25,0.0539620975986151,25948.94696052567,231
06073017035,0.0,0.0,0.0,1.0,0.25,0.5112256329603836,13431.231779943217,232
06073003214,0.0,1.0,0.0,0.0,0.25,-0.0304032589944582,3513.643203357875,233
06073008360,0.0,1.0,0.0,0.0,0.25,0.1496075585840449,20048.44062994535,234
06073008362,0.0,0.0,0.0,1.0,0.25,0.0058811192112629,40090.23339098629,235
06073003212,0.0,0.0,1.0,0.0,0.25,-0.001500597059709,6420.332081397941,236
06073003211,0.0,0.0,1.0,0.0,0.25,-0.0515193796795565,4174.638814018955,237
06073017067,0.0,0.0,0.0,1.0,0.25,-0.9383274507289856,5438.773306619798,238
06073003204,0.0,0.0,1.0,0.0,0.25,-0.0227620421152711,5498.254484237968,239
06073003115,0.0,1.0,0.0,0.0,0.25,0.970825555706393,4923.968016174823,240
06073008344,0.0,0.0,0.0,1.0,0.25,-0.8913877604640533,22514.90961249529,241
06073017058,0.0,0.0,0.0,1.0,0.25,-0.5139061588419717,5275.554725949318,242
06073017052,0.0,0.0,0.0,1.0,0.25,-0.3474992763935903,4591.2293068061135,243
06073017109,0.0,1.0,0.0,0.0,0.25,-1.481225150046203,2687.2782748637806,244
06073017305,0.0,0.0,1.0,0.0,0.25,-0.7155740286829727,4573.841968948576,245
06073015408,0.0,0.0,0.0,1.0,0.25,-0.0006149076544439,3076.535761060376,246
06073016607,0.0,0.0,0.0,1.0,0.25,-0.279681910576265,10671.606609132388,247
06073016606,0.0,0.0,0.0,1.0,0.25,-0.5462945062989256,5938.006405066416,248
06073009307,0.0,0.0,1.0,0.0,0.25,0.2136590879929822,36865.22757927124,249
06073016620,0.0,1.0,0.0,0.0,0.25,-0.1922334340573847,6463.92173043915,250
06073016705,0.0,1.0,0.0,0.0,0.25,0.6579170538723962,5568.768805447459,251
06073016804,0.0,1.0,0.0,0.0,0.25,0.2822034322060181,3832.2791707501,252
06073016806,0.0,0.0,0.0,1.0,0.25,0.283347802114306,5259.161307616774,253
06073017031,0.0,0.0,0.0,1.0,0.25,-0.6634904580306938,4490.498913474484,254
06073016616,0.0,0.0,0.0,1.0,0.25,-0.0066040330777445,9615.172272900825,255
06073017039,0.0,0.0,0.0,1.0,0.25,-0.2949077523529294,16530.260825102006,256
06073017036,0.0,0.0,1.0,0.0,0.25,-0.414044510446814,5807.146658714206,257
06073014002,0.0,1.0,0.0,0.0,0.25,0.4445408932407501,10497.68749488421,258
06073014001,0.0,1.0,0.0,0.0,0.25,0.3460734112574626,9094.577505463127,259
06073013907,0.0,1.0,0.0,0.0,0.25,0.759057382672684,4213.841935199491,260
06073015200,0.0,0.0,0.0,1.0,0.25,-0.7550886123723348,11294.647245746353,261
06073014400,0.0,1.0,0.0,0.0,0.25,1.2870415559639583,14323.26654090754,262
06073013424,0.0,0.0,1.0,0.0,0.25,-0.7768484882870424,8294.77948833621,263
06073014200,0.0,1.0,0.0,0.0,0.25,-0.0409172061192856,8411.15236997298,264
06073009705,0.0,0.0,0.0,1.0,0.25,-0.5951862997711812,3501.952543108947,265
06073009204,0.0,0.0,1.0,0.0,0.25,-0.7801220850507806,8682.804875710848,266
06073009305,0.0,0.0,1.0,0.0,0.25,-0.2486707623881735,9341.263905027809,267
06073010004,0.0,1.0,0.0,0.0,0.25,-0.0891150675051168,4336.98168343389,268
06073009203,0.0,0.0,1.0,0.0,0.25,-0.1106674615150101,35868.07374905256,269
06073010012,0.0,1.0,0.0,0.0,0.25,0.5488821703308058,7862.267791281713,270
06073010005,0.0,1.0,0.0,0.0,0.25,1.7482325491284785,5634.988095197107,271
06073014101,0.0,1.0,0.0,0.0,0.25,-0.0920898069681972,7910.196262993198,272
06073014102,0.0,1.0,0.0,0.0,0.25,0.1603952856387773,4275.507668962602,273
06073014300,0.0,1.0,0.0,0.0,0.25,0.2171949037373778,8567.591612918557,274
06073013908,0.0,1.0,0.0,0.0,0.25,0.2512046223520925,4492.789133982323,275
06073013906,0.0,1.0,0.0,0.0,0.25,0.9907194372059428,5110.809052270893,276
06073013905,0.0,0.0,0.0,1.0,0.25,-0.5517812985017226,4621.738922235111,277
06073013702,0.0,1.0,0.0,0.0,0.25,-0.0094160918945048,10428.439139715947,278
06073013701,0.0,1.0,0.0,0.0,0.25,0.2254371234249152,6404.808083977494,279
06073013608,0.0,0.0,1.0,0.0,0.25,1.301076935118725,3730.390858427782,280
06073013607,0.0,0.0,0.0,1.0,0.25,-0.0185375208672137,4021.564863564493,281
06073009602,0.0,0.0,0.0,1.0,0.25,-0.6513028789841887,12338.856169715553,282
06073010106,0.0,1.0,0.0,0.0,0.25,1.4659128319758503,8129.29322321277,283
06073013802,0.0,1.0,0.0,0.0,0.25,0.2681715865296701,8761.69565154858,284
06073013801,0.0,1.0,0.0,0.0,0.25,0.8484483295513486,10312.492639921973,285
06073011300,0.0,0.0,1.0,0.0,0.25,-0.8783145859473563,5193.065434397721,286
06073004200,0.0,1.0,0.0,0.0,0.25,-0.5784425486832281,8936.517371740725,287
06073013414,0.0,0.0,1.0,0.0,0.25,-0.3703409510184549,10645.22299073284,288
06073013415,0.0,0.0,1.0,0.0,0.25,-0.7586068985789111,7125.555160655285,289
06073013325,0.0,0.0,1.0,0.0,0.25,0.3590157259526856,6327.449341297527,290
06073013326,0.0,0.0,1.0,0.0,0.25,-1.0578123052297332,9029.825908679179,291
06073011000,0.0,0.0,1.0,0.0,0.25,-0.2969312095542413,5836.815758082205,292
06073011100,0.0,0.0,1.0,0.0,0.25,-0.0556132765123359,5855.2083553257635,293
06073013420,0.0,0.0,1.0,0.0,0.25,-0.1537957845856626,6880.247104090004,294
06073013418,0.0,0.0,1.0,0.0,0.25,0.3245680449637392,9654.594729900055,295
06073013417,0.0,0.0,1.0,0.0,0.25,-0.6186156911987125,6512.765440690827,296
06073013416,0.0,0.0,1.0,0.0,0.25,-0.5571530847711564,4734.012957871396,297
06073013322,0.0,0.0,1.0,0.0,0.25,-0.9743829013259124,7649.109031164397,298
06073012600,0.0,0.0,0.0,1.0,0.25,0.475317189961545,12938.833895428954,299
06073013317,0.0,0.0,1.0,0.0,0.25,-0.4757439915294281,4470.527928745155,300
06073013421,0.0,0.0,1.0,0.0,0.25,-0.4668753284260155,7898.004818896263,301
06073010111,0.0,1.0,0.0,0.0,0.25,0.6414534088844978,9096.561881953503,302
06073010110,0.0,1.0,0.0,0.0,0.25,0.863940947096081,4151.533276951015,303
06073010800,0.0,0.0,1.0,0.0,0.25,-0.331364850442566,5837.167497804586,304
06073010112,0.0,1.0,0.0,0.0,0.25,1.1293577081466502,4053.3460078943262,305
06073010900,0.0,0.0,1.0,0.0,0.25,-0.933653095564708,5478.434998110237,306
06073020309,0.0,0.0,0.0,1.0,0.25,-0.1870886111861243,10681.897521141487,307
06073020310,0.0,0.0,0.0,1.0,0.25,-0.3255742466594777,5374.202209382369,308
06073020313,0.0,0.0,0.0,1.0,0.25,1.0942491755992714,31452.433676690423,309
06073010104,0.00171875,0.0,0.0,0.0,0.0004296875,-0.1286864361683089,1740.7965767135279,310
06073017009,0.00028125,0.0,0.0,0.0,7.03125e-05,-0.3039780824040523,2386.1523021682087,311
06073019701,0.000125,0.0,0.0,0.0,3.125e-05,0.0497752546767696,6495.142887166215,312
06073017403,3.125e-05,0.0,0.0,0.0,7.8125e-06,-0.622134613591613,3603.494327052514,313
06073020305,0.0,0.0,0.0,0.0,0.0,0.1876514849977034,6172.487523127585,314
06073020214,0.0,0.0,0.0,0.0,0.0,2.2219274764399106,42479.03510589363,315
06073020213,0.0,0.0,0.0,0.0,0.0,1.6031837121691843,21869.215647743422,316
06073022000,0.0,0.0,0.0,0.0,0.0,0.5591400495034883,12198.405060384925,317
06073021402,0.0,0.0,0.0,0.0,0.0,0.3665031465599463,18280.03773416612,318
06073020705,0.0,0.0,0.0,0.0,0.0,-0.2889915537959109,7370.896398112068,319
06073000901,0.0,0.0,0.0,0.0,0.0,0.8345135870419281,40818.62069191856,320
06073020211,0.0,0.0,0.0,0.0,0.0,1.0811583902166892,20499.973090159307,321
06073001900,0.0,0.0,0.0,0.0,0.0,0.2187203433494853,11181.858293630003,322
06073001100,0.0,0.0,0.0,0.0,0.0,-0.033978567454201,16525.20504175503,323
06073001802,0.0,0.0,0.0,0.0,0.0,1.0016459679474792,15342.225659572456,324
06073001801,0.0,0.0,0.0,0.0,0.0,0.2176551820568857,14546.8012051537,325
06073001700,0.0,0.0,0.0,0.0,0.0,0.2794211549133719,20039.018636267177,326
06073001600,0.0,0.0,0.0,0.0,0.0,1.298098315611432,21865.50685675237,327
06073001500,0.0,0.0,0.0,0.0,0.0,-0.1709108001730435,22796.446999034248,328
06073020210,0.0,0.0,0.0,0.0,0.0,0.5896597079413596,13018.098896083722,329
06073020209,0.0,0.0,0.0,0.0,0.0,1.1813643477650295,14522.839427243884,330
06073020208,0.0,0.0,0.0,0.0,0.0,-0.1000352477385777,14727.386960763408,331
06073020207,0.0,0.0,0.0,0.0,0.0,1.4863848751941362,13966.45672012365,332
06073020206,0.0,0.0,0.0,0.0,0.0,0.3746779877334991,20469.11774789267,333
06073020202,0.0,0.0,0.0,0.0,0.0,1.212977316888497,21914.28473932311,334
06073020109,0.0,0.0,0.0,0.0,0.0,0.0858213428513369,14294.801988746083,335
06073020108,0.0,0.0,0.0,0.0,0.0,0.6665715608997971,23871.608253841405,336
06073020107,0.0,0.0,0.0,0.0,0.0,0.3745765726908069,11677.796135395929,337
06073020602,0.0,0.0,0.0,0.0,0.0,0.9552689950090524,21561.593068456204,338
06073012200,0.0,0.0,0.0,0.0,0.0,0.5562854105649757,7848.525317676166,339
06073012102,0.0,0.0,0.0,0.0,0.0,0.8568527050276109,14025.846136096914,340
06073012101,0.0,0.0,0.0,0.0,0.0,0.3201962119980954,15164.045094226729,341
06073012003,0.0,0.0,0.0,0.0,0.0,0.0282807418794155,12063.139636357846,342
06073012002,0.0,0.0,0.0,0.0,0.0,2.178628191165715,13247.745872085223,343
06073011902,0.0,0.0,0.0,0.0,0.0,0.6966612055523481,13583.534847151572,344
06073011802,0.0,0.0,0.0,0.0,0.0,0.7701920656149083,16638.369768301716,345
06073011801,0.0,0.0,0.0,0.0,0.0,1.06499459160533,25560.953760923116,346
06073011700,0.0,0.0,0.0,0.0,0.0,1.1786312910930334,24343.565826386777,347
06073011602,0.0,0.0,0.0,0.0,0.0,0.82144158401477,24253.865717107987,348
06073011601,0.0,0.0,0.0,0.0,0.0,0.740991996317018,24919.15738350039,349
06073013302,0.0,0.0,0.0,0.0,0.0,-0.1718510710794364,11027.984394710349,350
06073013301,0.0,0.0,0.0,0.0,0.0,0.0302299952995572,11864.303329687957,351
06073013206,0.0,0.0,0.0,0.0,0.0,1.3078145143875972,17336.244021700066,352
06073013205,0.0,0.0,0.0,0.0,0.0,0.494976978672007,12870.8357365391,353
06073013204,0.0,0.0,0.0,0.0,0.0,0.4963454576806509,14537.124630802462,354
06073010502,0.0,0.0,0.0,0.0,0.0,0.849586431717221,4318.592698160044,355
06073010501,0.0,0.0,0.0,0.0,0.0,-0.1252479150110548,3804.7989865543414,356
06073010402,0.0,0.0,0.0,0.0,0.0,1.011063454087669,4921.798969759659,357
06073010401,0.0,0.0,0.0,0.0,0.0,0.1932213819686732,5080.512137979188,358
06073010300,0.0,0.0,0.0,0.0,0.0,0.9285440407741652,4593.732783225757,359
06073010202,0.0,0.0,0.0,0.0,0.0,0.0370609090444649,3809.4905581439416,360
06073012402,0.0,0.0,0.0,0.0,0.0,0.6499977356884921,19602.445397205847,361
06073012401,0.0,0.0,0.0,0.0,0.0,0.183100792657309,17662.737304112376,362
06073012304,0.0,0.0,0.0,0.0,0.0,0.4035546868615536,18008.27338573023,363
06073012303,0.0,0.0,0.0,0.0,0.0,0.713832338095772,13924.58838348276,364
06073012302,0.0,0.0,0.0,0.0,0.0,1.712331055532892,20286.348765077277,365
06073013203,0.0,0.0,0.0,0.0,0.0,1.244196682357928,19136.07613536221,366
06073013104,0.0,0.0,0.0,0.0,0.0,0.5831582027549915,24341.11911514056,367
06073013103,0.0,0.0,0.0,0.0,0.0,0.5883439119045519,22199.46533302083,368
06073013102,0.0,0.0,0.0,0.0,0.0,0.4924112008364218,20210.284508969944,369
06073013000,0.0,0.0,0.0,0.0,0.0,0.6867730795167798,25409.87237185338,370
06073012900,0.0,0.0,0.0,0.0,0.0,-0.24004026942706,20467.927942468406,371
06073012800,0.0,0.0,0.0,0.0,0.0,0.3600706178165711,20090.96737573861,372
06073012700,0.0,0.0,0.0,0.0,0.0,1.0294136680334882,27700.61611699861,373
06073012502,0.0,0.0,0.0,0.0,0.0,0.7084391150634978,9038.805797784906,374
06073012501,0.0,0.0,0.0,0.0,0.0,1.9711206320553287,25582.916132422644,375
06073013324,0.0,0.0,0.0,0.0,0.0,-0.6604257501911861,5493.32301849184,376
06073013323,0.0,0.0,0.0,0.0,0.0,-0.8123337134235878,5686.062244372099,377
06073013318,0.0,0.0,0.0,0.0,0.0,-0.6942509557251677,7980.614772795781,378
06073013316,0.0,0.0,0.0,0.0,0.0,-0.4526389172723733,10425.570326510358,379
06073013315,0.0,0.0,0.0,0.0,0.0,-0.4184011017697265,8145.044932807272,380
06073013312,0.0,0.0,0.0,0.0,0.0,0.4408384422328084,6482.067919729268,381
06073013309,0.0,0.0,0.0,0.0,0.0,-0.5858356997721289,10335.788245125574,382
06073013308,0.0,0.0,0.0,0.0,0.0,0.0786802280575917,5957.538202019764,383
06073013306,0.0,0.0,0.0,0.0,0.0,0.3267956364116827,4428.595359101651,384
06073013303,0.0,0.0,0.0,0.0,0.0,0.2404211160702324,10962.495069133098,385
06073005201,0.0,0.0,0.0,0.0,0.0,1.1855968353353543,83241.464930948,386
06073005103,0.0,0.0,0.0,0.0,0.0,3.358170441189166,63514.29734015638,387
06073005102,0.0,0.0,0.0,0.0,0.0,2.233357669408602,81851.52500137361,388
06073005101,0.0,0.0,0.0,0.0,0.0,1.977559719051885,76119.54706555707,389
06073005000,0.0,0.0,0.0,0.0,0.0,2.074624781102489,56748.8186289002,390
06073004900,0.0,0.0,0.0,0.0,0.0,1.834358202692828,40504.84167104544,391
06073004800,0.0,0.0,0.0,0.0,0.0,1.4562924847475731,69230.42500624154,392
06073004700,0.0,0.0,0.0,0.0,0.0,0.8102122270275013,74144.36346601672,393
06073004600,0.0,0.0,0.0,0.0,0.0,1.2945161415991076,82165.015113365,394
06073004501,0.0,0.0,0.0,0.0,0.0,0.9296086487306192,79391.17688675341,395
06073004400,0.0,0.0,0.0,0.0,0.0,0.0991795172687325,34083.44740174439,396
06073004300,0.0,0.0,0.0,0.0,0.0,0.0215316524009573,16697.310366135618,397
06073013409,0.0,0.0,0.0,0.0,0.0,-0.2661536372552042,11615.943976009305,398
06073013401,0.0,0.0,0.0,0.0,0.0,-0.4050124068662324,12941.891916670751,399
06073013327,0.0,0.0,0.0,0.0,0.0,-0.1551772953072747,7248.028508693771,400
06073013601,0.0,0.0,0.0,0.0,0.0,0.1080756399289191,3359.1907839834007,401
06073013505,0.0,0.0,0.0,0.0,0.0,0.1072896174262101,4229.842100868487,402
06073009603,0.0,0.0,0.0,0.0,0.0,0.8425620433808115,41528.374010767024,403
06073010107,0.0,0.0,0.0,0.0,0.0,-0.1022537305925205,9494.522314574871,404
06073010103,0.0,0.0,0.0,0.0,0.0,1.2548984739588442,3802.2519236962253,405
06073010013,0.0,0.0,0.0,0.0,0.0,0.5459329137142824,7205.599594509025,406
06073010011,0.0,0.0,0.0,0.0,0.0,-0.2230097134999073,8049.636383474572,407
06073010010,0.0,0.0,0.0,0.0,0.0,0.789888497901342,8448.96814445994,408
06073010009,0.0,0.0,0.0,0.0,0.0,0.4027390851103118,4155.758044675998,409
06073005302,0.0,0.0,0.0,0.0,0.0,0.8531465466292896,84920.95339621551,410
06073005301,0.0,0.0,0.0,0.0,0.0,2.7564022945738373,88757.31537145027,411
06073005202,0.0,0.0,0.0,0.0,0.0,3.52175972061918,84137.50624968714,412
06073009301,0.0,0.0,0.0,0.0,0.0,-0.0560020080012613,6102.7386965754595,413
06073009201,0.0,0.0,0.0,0.0,0.0,0.2523258454382785,27760.065262869834,414
06073010003,0.0,0.0,0.0,0.0,0.0,0.2111664434719952,3825.738883531709,415
06073010001,0.0,0.0,0.0,0.0,0.0,-0.0309601657222379,14707.97163460244,416
06073009804,0.0,0.0,0.0,0.0,0.0,-0.4697618175258455,4107.570083586736,417
06073009802,0.0,0.0,0.0,0.0,0.0,0.1194425578956844,16758.106831671685,418
06073009801,0.0,0.0,0.0,0.0,0.0,-0.3321784066576881,8961.84936888082,419
06073009703,0.0,0.0,0.0,0.0,0.0,-0.4328808823353495,8960.652563205276,420
06073009604,0.0,0.0,0.0,0.0,0.0,0.0590164564688962,12373.971666555457,421
06073013504,0.0,0.0,0.0,0.0,0.0,-0.6377479297244611,2427.592104376,422
06073013503,0.0,0.0,0.0,0.0,0.0,0.1213423618252318,3721.259730671789,423
06073014701,0.0,0.0,0.0,0.0,0.0,0.224066236665076,23709.398699272144,424
06073014602,0.0,0.0,0.0,0.0,0.0,-0.4852283546574503,13928.693415395504,425
06073014601,0.0,0.0,0.0,0.0,0.0,1.4322255009495288,19736.731834647602,426
06073014500,0.0,0.0,0.0,0.0,0.0,0.2804126477842178,17817.108045412322,427
06073015403,0.0,0.0,0.0,0.0,0.0,-0.7109211394782168,3066.4283063695043,428
06073015302,0.0,0.0,0.0,0.0,0.0,-0.3057462192411356,6656.5907259648,429
06073015301,0.0,0.0,0.0,0.0,0.0,1.2622323184885635,15588.62569880392,430
06073015100,0.0,0.0,0.0,0.0,0.0,-0.1611374187288977,13623.948396124333,431
06073015002,0.0,0.0,0.0,0.0,0.0,1.3737802554344858,19655.200415221527,432
06073015001,0.0,0.0,0.0,0.0,0.0,0.991760484790771,17494.91415655789,433
06073014902,0.0,0.0,0.0,0.0,0.0,0.6153118105030085,23217.915425363033,434
06073014901,0.0,0.0,0.0,0.0,0.0,0.5513445724253406,21743.837453996617,435
06073014806,0.0,0.0,0.0,0.0,0.0,1.7031426278504078,18970.643607032758,436
06073014805,0.0,0.0,0.0,0.0,0.0,0.373656241556191,12836.451620229454,437
06073014804,0.0,0.0,0.0,0.0,0.0,0.1545046256592221,24073.21428284568,438
06073014803,0.0,0.0,0.0,0.0,0.0,0.836729538977782,22933.124125490194,439
06073014702,0.0,0.0,0.0,0.0,0.0,-0.2344955751996298,19608.831773653743,440
06073016100,0.0,0.0,0.0,0.0,0.0,-0.2209396495088069,23356.747491714887,441
06073016000,0.0,0.0,0.0,0.0,0.0,0.6025788828899947,18292.737339953244,442
06073015902,0.0,0.0,0.0,0.0,0.0,1.5623835838708733,29277.691152586012,443
06073015901,0.0,0.0,0.0,0.0,0.0,1.601722001496528,31565.503363914137,444
06073015802,0.0,0.0,0.0,0.0,0.0,1.3147286951038497,33752.092098833404,445
06073015801,0.0,0.0,0.0,0.0,0.0,1.5315309128036578,33466.11627911299,446
06073015706,0.0,0.0,0.0,0.0,0.0,2.0441625413794973,16393.240223617093,447
06073015705,0.0,0.0,0.0,0.0,0.0,0.8167291168562051,16417.795420824234,448
06073015704,0.0,0.0,0.0,0.0,0.0,1.2602012941591825,16384.822994300295,449
06073015701,0.0,0.0,0.0,0.0,0.0,1.8921617128475516,17763.94612050575,450
06073015601,0.0,0.0,0.0,0.0,0.0,0.7630058195122041,14666.48377889078,451
06073015407,0.0,0.0,0.0,0.0,0.0,1.7308304317743184,15036.700728688424,452
06073016613,0.0,0.0,0.0,0.0,0.0,-0.4441754897742713,6650.989222256765,453
06073016610,0.0,0.0,0.0,0.0,0.0,0.3188217599351985,11079.566434014529,454
06073016504,0.0,0.0,0.0,0.0,0.0,1.3668193187074669,31212.34225741674,455
06073016502,0.0,0.0,0.0,0.0,0.0,0.9799097763752442,25416.35979029993,456
06073016404,0.0,0.0,0.0,0.0,0.0,1.7826186882910848,12011.38742114158,457
06073016401,0.0,0.0,0.0,0.0,0.0,0.0007711493713854,9454.130475162086,458
06073016302,0.0,0.0,0.0,0.0,0.0,1.2748493159196144,33461.749221610735,459
06073016301,0.0,0.0,0.0,0.0,0.0,1.4699946024291126,31920.876667944918,460
06073016202,0.0,0.0,0.0,0.0,0.0,0.9693094942072786,30099.77774022219,461
06073016201,0.0,0.0,0.0,0.0,0.0,-0.3382445316645566,19071.94007609633,462
06073004102,0.0,0.0,0.0,0.0,0.0,1.7116450178903018,76784.29276022321,463
06073004101,0.0,0.0,0.0,0.0,0.0,0.6050802815968904,29772.357800842823,464
06073004000,0.0,0.0,0.0,0.0,0.0,1.074798819333862,28939.86896463853,465
06073009101,0.0,0.0,0.0,0.0,0.0,-0.1977458650938143,8463.659286107064,466
06073009000,0.0,0.0,0.0,0.0,0.0,-0.2035795602023665,32019.094140886664,467
06073008902,0.0,0.0,0.0,0.0,0.0,0.3091638675898656,29425.530448397785,468
06073008901,0.0,0.0,0.0,0.0,0.0,0.1012666245608461,34960.00417520835,469
06073008800,0.0,0.0,0.0,0.0,0.0,1.1178006778141911,36789.85589587462,470
06073008702,0.0,0.0,0.0,0.0,0.0,0.389135131147795,27715.10601426306,471
06073008701,0.0,0.0,0.0,0.0,0.0,0.2742169094659764,25601.055160689437,472
06073008600,0.0,0.0,0.0,0.0,0.0,0.5936147779837492,29584.24486648617,473
06073008513,0.0,0.0,0.0,0.0,0.0,-0.4722026212566872,8419.092961057851,474
06073008512,0.0,0.0,0.0,0.0,0.0,0.0590616454551912,8248.236751848295,475
06073009509,0.0,0.0,0.0,0.0,0.0,-0.0386954775499185,12641.688042205695,476
06073009502,0.0,0.0,0.0,0.0,0.0,-0.6376067458361325,105711.03656542544,477
06073009308,0.0,0.0,0.0,0.0,0.0,0.4535164579451375,61451.13145114742,478
06073003902,0.0,0.0,0.0,0.0,0.0,1.4206989089240425,27231.593643145683,479
06073003901,0.0,0.0,0.0,0.0,0.0,0.8280625140462075,27711.628300936234,480
06073003603,0.0,0.0,0.0,0.0,0.0,1.039540822744861,25644.929899878956,481
06073003602,0.0,0.0,0.0,0.0,0.0,0.8138740331048471,17724.697919376347,482
06073003601,0.0,0.0,0.0,0.0,0.0,0.6566393435724763,14964.690370487411,483
06073003502,0.0,0.0,0.0,0.0,0.0,1.4342206096128345,16207.442183204634,484
06073003501,0.0,0.0,0.0,0.0,0.0,1.289466933730865,15207.746862801425,485
06073003404,0.0,0.0,0.0,0.0,0.0,0.1223923833474593,11877.154283334352,486
06073003403,0.0,0.0,0.0,0.0,0.0,0.72117827971255,14816.211824096768,487
06073003401,0.0,0.0,0.0,0.0,0.0,0.5528386952359389,14274.817445861814,488
06073003305,0.0,0.0,0.0,0.0,0.0,1.2713105939310665,15860.627144546175,489
06073003304,0.0,0.0,0.0,0.0,0.0,1.5026260402528155,13352.799180105792,490
06073016617,0.0,0.0,0.0,0.0,0.0,1.6332731151919184,13872.240503197907,491
06073016615,0.0,0.0,0.0,0.0,0.0,-0.3309247795888757,10820.296273202937,492
06073016614,0.0,0.0,0.0,0.0,0.0,0.2145126677635442,13833.251753554285,493
06073017022,0.0,0.0,0.0,0.0,0.0,-0.3744746091479123,15715.450038566953,494
06073017014,0.0,0.0,0.0,0.0,0.0,1.0840638107956064,6452.732992291612,495
06073017051,0.0,0.0,0.0,0.0,0.0,-0.4835676728529923,19029.016517796168,496
06073017050,0.0,0.0,0.0,0.0,0.0,0.1427511921001069,15573.548141820345,497
06073008505,0.0,0.0,0.0,0.0,0.0,0.2357790350794334,5739.017584659939,498
06073008504,0.0,0.0,0.0,0.0,0.0,0.0127432111658382,8812.490443914989,499
06073008503,0.0,0.0,0.0,0.0,0.0,0.1060913843037857,10194.609549774817,500
06073008502,0.0,0.0,0.0,0.0,0.0,0.4853274288370821,9901.400226233847,501
06073008381,0.0,0.0,0.0,0.0,0.0,-0.7981364751687264,6257.697606992831,502
06073008380,0.0,0.0,0.0,0.0,0.0,0.1308225561743007,6124.0164902002525,503
06073008379,0.0,0.0,0.0,0.0,0.0,2.986305793867295,54819.41983897858,504
06073008378,0.0,0.0,0.0,0.0,0.0,2.261279041390285,54227.309576636224,505
06073008377,0.0,0.0,0.0,0.0,0.0,1.943880457995796,54374.05451549844,506
06073008376,0.0,0.0,0.0,0.0,0.0,-0.0394404138721962,52847.562165054274,507
06073009109,0.0,0.0,0.0,0.0,0.0,-1.0832663218833178,26592.311716145436,508
06073009108,0.0,0.0,0.0,0.0,0.0,-0.0617485322005741,26578.917371156593,509
06073009107,0.0,0.0,0.0,0.0,0.0,1.1785704906576246,33788.03240497186,510
06073009103,0.0,0.0,0.0,0.0,0.0,-0.4955585884944617,9366.992550492905,511
06073009102,0.0,0.0,0.0,0.0,0.0,0.8873376797707971,7010.573377050236,512
06073017041,0.0,0.0,0.0,0.0,0.0,-0.6791658258692354,4304.4304375101065,513
06073017040,0.0,0.0,0.0,0.0,0.0,-0.5695964393914469,8824.901270053575,514
06073003303,0.0,0.0,0.0,0.0,0.0,0.8631952857189115,15480.548067958014,515
06073003301,0.0,0.0,0.0,0.0,0.0,0.9562297820643292,14436.90747487854,516
06073008370,0.0,0.0,0.0,0.0,0.0,-0.6241536205698922,21485.889996512447,517
06073008369,0.0,0.0,0.0,0.0,0.0,-0.782383902018227,22571.26334240346,518
06073008364,0.0,0.0,0.0,0.0,0.0,1.3270345258862368,23541.977928260676,519
06073008363,0.0,0.0,0.0,0.0,0.0,2.2818062101018586,54896.08703132376,520
06073008361,0.0,0.0,0.0,0.0,0.0,1.08729969140253,53264.98701188015,521
06073008511,0.0,0.0,0.0,0.0,0.0,-0.2077993089233007,104728.18111255344,522
06073008510,0.0,0.0,0.0,0.0,0.0,0.7784691002600647,27330.404107800827,523
06073008509,0.0,0.0,0.0,0.0,0.0,0.0854286491259365,8740.919563936715,524
06073008507,0.0,0.0,0.0,0.0,0.0,0.2749494701560339,7906.168492962859,525
06073008506,0.0,0.0,0.0,0.0,0.0,0.0296292934439967,7634.45490723354,526
06073003202,0.0,0.0,0.0,0.0,0.0,-0.1431136844210574,8195.819298157836,527
06073003201,0.0,0.0,0.0,0.0,0.0,0.1348171193599339,6526.492987247611,528
06073003113,0.0,0.0,0.0,0.0,0.0,-0.1983518103279833,8173.9567850280955,529
06073003112,0.0,0.0,0.0,0.0,0.0,-0.1590740827992392,6599.767199703562,530
06073008357,0.0,0.0,0.0,0.0,0.0,0.4072306796024695,12772.488418507652,531
06073008356,0.0,0.0,0.0,0.0,0.0,-0.1642199785815238,7778.595020592259,532
06073008355,0.0,0.0,0.0,0.0,0.0,-0.5590084172171331,12474.368231006873,533
06073008353,0.0,0.0,0.0,0.0,0.0,-0.3993639846960017,5382.252514205019,534
06073008352,0.0,0.0,0.0,0.0,0.0,-0.3534728209300631,7623.408738936635,535
06073008351,0.0,0.0,0.0,0.0,0.0,-0.5387801888990307,60822.77082649461,536
06073008349,0.0,0.0,0.0,0.0,0.0,-0.0965170656384237,7526.655604153913,537
06073008348,0.0,0.0,0.0,0.0,0.0,-0.4095475490213343,5004.380434709756,538
06073008347,0.0,0.0,0.0,0.0,0.0,-0.604165307200443,3305.076009676503,539
06073008343,0.0,0.0,0.0,0.0,0.0,1.286228281871524,58100.20289562261,540
06073008375,0.0,0.0,0.0,0.0,0.0,0.9278717704465692,21463.121701608823,541
06073017056,0.0,0.0,0.0,0.0,0.0,0.078609783690801,18194.545686508947,542
06073017055,0.0,0.0,0.0,0.0,0.0,-0.8229135681494771,18617.758495107864,543
06073017303,0.0,0.0,0.0,0.0,0.0,-0.3710328829870737,12491.788116677162,544
06073017202,0.0,0.0,0.0,0.0,0.0,-0.9640627150143716,8745.827334652335,545
06073017201,0.0,0.0,0.0,0.0,0.0,-0.9669826816854868,6057.319611762067,546
06073017108,0.0,0.0,0.0,0.0,0.0,-0.545293116709581,7815.673965916652,547
06073017107,0.0,0.0,0.0,0.0,0.0,-1.0272033705482837,7384.0643983307655,548
06073017104,0.0,0.0,0.0,0.0,0.0,-0.2871714216699007,6480.839891411406,549
06073017702,0.0,0.0,0.0,0.0,0.0,-0.5073923152165641,20585.57354354483,550
06073017606,0.0,0.0,0.0,0.0,0.0,0.0306516646163866,27862.908772890365,551
06073017605,0.0,0.0,0.0,0.0,0.0,-0.0078204351425452,16111.72125188374,552
06073017603,0.0,0.0,0.0,0.0,0.0,-0.9714649996958736,12172.158270731745,553
06073017502,0.0,0.0,0.0,0.0,0.0,-0.1825410983925448,18682.219952196458,554
06073017501,0.0,0.0,0.0,0.0,0.0,-0.2856280812116785,29202.765722937373,555
06073017408,0.0,0.0,0.0,0.0,0.0,-0.2997808200299446,14808.744480003259,556
06073017407,0.0,0.0,0.0,0.0,0.0,-0.9600374777900084,14173.921703154354,557
06073017406,0.0,0.0,0.0,0.0,0.0,-0.2961116315113577,5309.199425272014,558
06073017405,0.0,0.0,0.0,0.0,0.0,0.6387992037561676,11814.468538459269,559
06073000902,0.0,0.0,0.0,0.0,0.0,1.495564112036653,42896.38741566099,560
06073017307,0.0,0.0,0.0,0.0,0.0,-0.0482729632768045,17030.77082273313,561
06073018400,0.0,0.0,0.0,0.0,0.0,1.532562634656695,18184.17722431847,562
06073018302,0.0,0.0,0.0,0.0,0.0,0.5259934620859369,21045.960692359586,563
06073008331,0.0,0.0,0.0,0.0,0.0,-1.1963808879607642,15933.719744240501,564
06073008330,0.0,0.0,0.0,0.0,0.0,-0.6308629740632714,17130.035953020113,565
06073008327,0.0,0.0,0.0,0.0,0.0,-0.8399619892647144,16142.436725172935,566
06073008324,0.0,0.0,0.0,0.0,0.0,-0.9172053514699048,14956.293366006277,567
06073008311,0.0,0.0,0.0,0.0,0.0,-1.3997580933262377,7919.977591240584,568
06073008307,0.0,0.0,0.0,0.0,0.0,0.0008927207087381,26649.506126527744,569
06073008305,0.0,0.0,0.0,0.0,0.0,0.313179794634533,59705.58513722046,570
06073008303,0.0,0.0,0.0,0.0,0.0,-1.0410175036061953,7903.563431803421,571
06073008359,0.0,0.0,0.0,0.0,0.0,0.3512144403369293,21470.79515417483,572
06073008358,0.0,0.0,0.0,0.0,0.0,0.1205197741294094,12546.04061776427,573
06073018301,0.0,0.0,0.0,0.0,0.0,0.1843407028901118,17437.064039239754,574
06073018202,0.0,0.0,0.0,0.0,0.0,0.3627611114252775,25728.233529564935,575
06073018201,0.0,0.0,0.0,0.0,0.0,0.6591367935212527,27382.79428451953,576
06073018102,0.0,0.0,0.0,0.0,0.0,0.0305159945774371,28754.56215121931,577
06073018101,0.0,0.0,0.0,0.0,0.0,-0.1750219104428535,21843.022663088734,578
06073018000,0.0,0.0,0.0,0.0,0.0,0.0154442174575054,19987.65988490062,579
06073017902,0.0,0.0,0.0,0.0,0.0,0.7213306695116355,16941.36685726227,580
06073017901,0.0,0.0,0.0,0.0,0.0,0.7660309608436849,24258.321139954565,581
06073017813,0.0,0.0,0.0,0.0,0.0,-0.172031602745962,11906.204687465697,582
06073017810,0.0,0.0,0.0,0.0,0.0,-0.5686949580129502,16894.052583622182,583
06073017809,0.0,0.0,0.0,0.0,0.0,-0.3701844853837617,22360.152812310356,584
06073017801,0.0,0.0,0.0,0.0,0.0,0.1150220623094308,33235.42653131221,585
06073018522,0.0,0.0,0.0,0.0,0.0,-0.4218228219951145,12322.201737382748,586
06073018519,0.0,0.0,0.0,0.0,0.0,0.0156224971930859,22308.564605546806,587
06073018518,0.0,0.0,0.0,0.0,0.0,-0.0812798379368177,12778.093020912624,588
06073018517,0.0,0.0,0.0,0.0,0.0,0.0377220139944597,20689.23579157717,589
06073018504,0.0,0.0,0.0,0.0,0.0,-0.1258270884614099,19072.586931343994,590
06073003111,0.0,0.0,0.0,0.0,0.0,1.5591460716880754,9419.966241628012,591
06073003109,0.0,0.0,0.0,0.0,0.0,-0.1424777467047868,6327.250179808916,592
06073008202,0.0,0.0,0.0,0.0,0.0,2.434332382523154,8998.226559975703,593
06073008201,0.0,0.0,0.0,0.0,0.0,-0.0043278823116396,10119.173038594243,594
06073008102,0.0,0.0,0.0,0.0,0.0,-0.9065899455858508,11936.578406277516,595
06073008101,0.0,0.0,0.0,0.0,0.0,-0.0222759993845654,11049.911562930109,596
06073008006,0.0,0.0,0.0,0.0,0.0,-0.3724097213670298,10892.550583776625,597
06073008003,0.0,0.0,0.0,0.0,0.0,-0.4069401887661851,12710.372968966954,598
06073008002,0.0,0.0,0.0,0.0,0.0,-0.9254172360063057,11522.428371736118,599
06073007912,0.0,0.0,0.0,0.0,0.0,-0.0028066363250097,11591.02866135369,600
06073007911,0.0,0.0,0.0,0.0,0.0,0.4770036234770701,11758.322955287691,601
06073007910,0.0,0.0,0.0,0.0,0.0,0.255800528933136,11156.795336812631,602
06073007908,0.0,0.0,0.0,0.0,0.0,0.2338093626724554,13191.4722229107,603
06073007907,0.0,0.0,0.0,0.0,0.0,0.3310415734219054,14124.198576945011,604
06073007905,0.0,0.0,0.0,0.0,0.0,0.3555184298434868,12429.528884423175,605
06073007800,0.0,0.0,0.0,0.0,0.0,0.1503857772545698,13040.785449006364,606
06073007702,0.0,0.0,0.0,0.0,0.0,-0.0337711852129732,12861.143124508757,607
06073003101,0.0,0.0,0.0,0.0,0.0,0.0543414967071251,10736.264780141408,608
06073003001,0.0,0.0,0.0,0.0,0.0,0.1154296658938609,8885.525446010228,609
06073002905,0.0,0.0,0.0,0.0,0.0,1.2928127627983137,15305.6099370418,610
06073002904,0.0,0.0,0.0,0.0,0.0,1.7713114206142595,18657.42151321678,611
06073002903,0.0,0.0,0.0,0.0,0.0,0.3484184809388757,17081.005995979693,612
06073002902,0.0,0.0,0.0,0.0,0.0,0.7042304081272445,19709.878787505026,613
06073002804,0.0,0.0,0.0,0.0,0.0,0.5818017707714785,16234.335114392794,614
06073002803,0.0,0.0,0.0,0.0,0.0,1.099307834929611,15854.298029968564,615
06073000400,0.0,0.0,0.0,0.0,0.0,1.0206126943008222,51790.31778539999,616
06073000302,0.0,0.0,0.0,0.0,0.0,0.3641074775635821,84832.76594688452,617
06073000301,0.0,0.0,0.0,0.0,0.0,1.0067532395021954,46732.727973105444,618
06073000202,0.0,0.0,0.0,0.0,0.0,-0.1829616101648927,58406.71483906938,619
06073000201,0.0,0.0,0.0,0.0,0.0,0.6819436773037743,32603.042229183648,620
06073000100,0.0,0.0,0.0,0.0,0.0,-1.2178216588088977,48968.62038188872,621
06073006600,0.0,0.0,0.0,0.0,0.0,-0.1208087315955241,27287.315110653413,622
06073006500,0.0,0.0,0.0,0.0,0.0,2.721564051701073,33908.37095315144,623
06073006300,0.0,0.0,0.0,0.0,0.0,-0.5236682336308077,30831.22677083632,624
06073006100,0.0,0.0,0.0,0.0,0.0,0.0540439718719686,98471.23062920794,625
06073006000,0.0,0.0,0.0,0.0,0.0,0.8926099928568458,94237.88329591313,626
06073005900,0.0,0.0,0.0,0.0,0.0,1.672434636401963,95628.76448691043,627
06073005802,0.0,0.0,0.0,0.0,0.0,-0.3354503719648814,81975.01286504907,628
06073005801,0.0,0.0,0.0,0.0,0.0,1.6825504298244145,100234.05250565085,629
06073005700,0.0,0.0,0.0,0.0,0.0,2.4991042330673023,96801.24381356814,630
06073007502,0.0,0.0,0.0,0.0,0.0,0.4725288309113053,8561.79751365695,631
06073007501,0.0,0.0,0.0,0.0,0.0,0.6990417013639695,13931.018629159313,632
06073007402,0.0,0.0,0.0,0.0,0.0,-0.1337260203483475,15400.01509343111,633
06073007401,0.0,0.0,0.0,0.0,0.0,0.613711790684122,14752.945069923217,634
06073007304,0.0,0.0,0.0,0.0,0.0,0.5285604698866337,8004.506717569037,635
06073007303,0.0,0.0,0.0,0.0,0.0,-0.3744424651861355,10063.686186835275,636
06073007302,0.0,0.0,0.0,0.0,0.0,-0.9531894461851914,15052.837091295925,637
06073007200,0.0,0.0,0.0,0.0,0.0,-0.8531778148728968,8774.0585878522,638
06073007100,0.0,0.0,0.0,0.0,0.0,-0.3604424959005909,11083.061871497943,639
06073007002,0.0,0.0,0.0,0.0,0.0,-0.5789888182317723,17416.297795821483,640
06073006900,0.0,0.0,0.0,0.0,0.0,-0.4500738879748505,28515.86756819753,641
06073006802,0.0,0.0,0.0,0.0,0.0,1.131784117702301,27257.53603763487,642
06073006801,0.0,0.0,0.0,0.0,0.0,0.3206579308564866,28744.217899604024,643
06073008301,0.0,0.0,0.0,0.0,0.0,-1.2584240592448006,5852.5436421092445,644
06073019210,0.0,0.0,0.0,0.0,0.0,0.3630715577608301,6617.109929245568,645
06073019206,0.0,0.0,0.0,0.0,0.0,-0.0544659988350227,11770.882754290176,646
06073019205,0.0,0.0,0.0,0.0,0.0,0.4389224731493454,4309.723069984015,647
06073019702,0.0,0.0,0.0,0.0,0.0,-0.0531396415825916,7923.460317690176,648
06073020308,0.0,0.0,0.0,0.0,0.0,1.3428595693013794,12484.4434736121,649
06073019602,0.0,0.0,0.0,0.0,0.0,0.3390332183186925,6450.730745245782,650
06073019503,0.0,0.0,0.0,0.0,0.0,0.2525451119166993,35207.89263452528,651
06073019502,0.0,0.0,0.0,0.0,0.0,0.9306998699655596,19333.354563331042,652
06073019501,0.0,0.0,0.0,0.0,0.0,0.622499410121982,19036.14560991853,653
06073019406,0.0,0.0,0.0,0.0,0.0,0.3768873561563641,14252.641181995521,654
06073019405,0.0,0.0,0.0,0.0,0.0,0.1530387720382136,16522.18690895998,655
06073019404,0.0,0.0,0.0,0.0,0.0,0.6943509766699147,10641.764116190907,656
06073019403,0.0,0.0,0.0,0.0,0.0,-0.1357725764838096,7100.63240923599,657
06073019304,0.0,0.0,0.0,0.0,0.0,-0.2652883546875905,15382.815773997594,658
06073019303,0.0,0.0,0.0,0.0,0.0,-0.4176002406779028,3716.544623038783,659
06073020025,0.0,0.0,0.0,0.0,0.0,0.2604902762175709,37395.67021768005,660
06073020024,0.0,0.0,0.0,0.0,0.0,0.542331434181011,11315.60852666762,661
06073020023,0.0,0.0,0.0,0.0,0.0,-0.2840041423063438,47053.48983078939,662
06073020021,0.0,0.0,0.0,0.0,0.0,0.2469629219220614,25904.50313979643,663
06073020017,0.0,0.0,0.0,0.0,0.0,0.6025591519282395,18882.99424308562,664
06073019904,0.0,0.0,0.0,0.0,0.0,-0.0606395339693788,16546.414918676048,665
06073019902,0.0,0.0,0.0,0.0,0.0,0.0928930984687387,20625.52423349151,666
06073019811,0.0,0.0,0.0,0.0,0.0,-0.2581159713001336,40826.006985460794,667
06073019809,0.0,0.0,0.0,0.0,0.0,-0.4610048976767402,17516.006686616984,668
06073019805,0.0,0.0,0.0,0.0,0.0,0.4207069655303098,12068.739819791877,669
06073002801,0.0,0.0,0.0,0.0,0.0,0.6011096034002114,12692.499952002649,670
06073002712,0.0,0.0,0.0,0.0,0.0,1.5301455398757804,9523.152781464982,671
06073002711,0.0,0.0,0.0,0.0,0.0,0.0245623816477954,9044.737570992604,672
06073002710,0.0,0.0,0.0,0.0,0.0,1.0640414530123945,13614.997208738845,673
06073002709,0.0,0.0,0.0,0.0,0.0,2.1035774959967823,15289.560071481603,674
06073002708,0.0,0.0,0.0,0.0,0.0,1.9692672232359216,25608.209486851047,675
06073002707,0.0,0.0,0.0,0.0,0.0,2.0421601286478626,17795.793859691978,676
06073002705,0.0,0.0,0.0,0.0,0.0,0.8330772461396633,10993.550276217453,677
06073002703,0.0,0.0,0.0,0.0,0.0,0.2026298005791746,11699.08824777756,678
06073002702,0.0,0.0,0.0,0.0,0.0,0.5944726197281253,21293.654679351464,679
06073002602,0.0,0.0,0.0,0.0,0.0,1.0520506826945313,12600.373097261401,680
06073002601,0.0,0.0,0.0,0.0,0.0,1.1555700696199602,15150.648170070526,681
06073002402,0.0,0.0,0.0,0.0,0.0,1.4255924028780942,15606.295008890269,682
06073002401,0.0,0.0,0.0,0.0,0.0,0.9562252303650206,17770.146741547942,683
06073020041,0.0,0.0,0.0,0.0,0.0,0.0284117912043191,10440.418759241424,684
06073020036,0.0,0.0,0.0,0.0,0.0,0.7580978904472889,40592.68539766147,685
06073020035,0.0,0.0,0.0,0.0,0.0,-0.9079241540300405,5367.585037199216,686
06073020034,0.0,0.0,0.0,0.0,0.0,-1.485189577174418,12341.58757382294,687
06073021900,0.0,0.0,0.0,0.0,0.0,1.1300792654498106,15522.816422034959,688
06073020403,0.0,0.0,0.0,0.0,0.0,-0.1734409185511822,13069.501571316245,689
06073000800,0.0,0.0,0.0,0.0,0.0,0.2510726454946559,43172.85148639507,690
06073001400,0.0,0.0,0.0,0.0,0.0,0.5270302765618714,25775.547549700015,691
06073001302,0.0,0.0,0.0,0.0,0.0,0.3063716184635215,22900.476129031136,692
06073001301,0.0,0.0,0.0,0.0,0.0,0.1985270682986571,20174.47657238691,693
06073005602,0.0,0.0,0.0,0.0,0.0,0.3171944362750259,83610.77590504466,694
06073005601,0.0,0.0,0.0,0.0,0.0,4.320491586180137,79910.9358294126,695
06073005500,0.0,0.0,0.0,0.0,0.0,-0.5236682336308077,75664.56980591112,696
06073005403,0.0,0.0,0.0,0.0,0.0,0.1132181563931149,79040.72155827376,697
06073005402,0.0,0.0,0.0,0.0,0.0,0.5740679897650426,75626.39473414797,698
06073005401,0.0,0.0,0.0,0.0,0.0,0.3193726423034097,78852.0309087366,699
06073007701,0.0,0.0,0.0,0.0,0.0,-0.1173588606633176,12883.161499963575,700
06073020029,0.0,0.0,0.0,0.0,0.0,1.052070740969431,23599.916617196126,701
06073020028,0.0,0.0,0.0,0.0,0.0,1.0619939756989654,31132.65449333923,702
06073020026,0.0,0.0,0.0,0.0,0.0,-0.5059204007214118,19571.055505783075,703
06073001201,0.0,0.0,0.0,0.0,0.0,1.194874937736952,19574.320647940163,704
06073001202,0.0,0.0,0.0,0.0,0.0,0.5630022857282193,21586.2153989568,705
06073000600,0.0,0.0,0.0,0.0,0.0,0.4621890502314649,42649.52254868504,706
06073000500,0.0,0.0,0.0,0.0,0.0,0.3650241607303577,33096.91568623111,707
06073002302,0.0,0.0,0.0,0.0,0.0,2.0629166979451314,15856.600979100462,708
06073002301,0.0,0.0,0.0,0.0,0.0,0.6990785390108668,13088.235476218235,709
06073002202,0.0,0.0,0.0,0.0,0.0,2.097811781123848,17746.154394303456,710
06073002201,0.0,0.0,0.0,0.0,0.0,2.224813828631451,19879.78757428459,711
06073002100,0.0,0.0,0.0,0.0,0.0,0.5370924274009377,14799.788653057667,712
06073002002,0.0,0.0,0.0,0.0,0.0,-0.4968949673923244,10663.369032744358,713
06073002001,0.0,0.0,0.0,0.0,0.0,-0.8059619033389961,11867.123202480594,714
06073020707,0.0,0.0,0.0,0.0,0.0,0.6178580766360569,20405.942356092764,715
06073020601,0.0,0.0,0.0,0.0,0.0,0.671004108320032,23393.942753391904,716
06073020500,0.0,0.0,0.0,0.0,0.0,0.4759930570567758,40722.319787129905,717
06073021401,0.0,0.0,0.0,0.0,0.0,0.0193018302756929,34836.41562631585,718
06073000700,0.0,0.0,0.0,0.0,0.0,0.5413692609555584,46849.69711419423,719
06073001000,0.0,0.0,0.0,0.0,0.0,0.4656011478427325,36786.33566418617,720
